source,reference,tamil_script,ai_output,category
"hi makkale,nanu enoda friends um oru tamil tech podcast panitu irkom","Hi guys, my friends and I are doing a Tamil tech podcast.","ஹி மக்கலே,நநு ஏநோத ஃப்ரிஏந்த்ஸ் உம் ஓரு தமில் தேச் போத்சஸ்த் பநிது இர்கோம்","Hi Makale, I have a few friends and a Tamil Thech Bodhisatt Panidu.",
"wikipedia vin dhrogam, stackoverflow outage, amazon aga podhu oru ISP aa","Wikipedia's betrayal, stackoverflow outage, is Amazon going to become an ISP?","விகிபேதிஅ விந் த்ரோகம், ஸ்தச்கோவேர்ஃப்லோவ் ஓஉதகே, அமஃஜோந் அக போது ஓரு ஈஷ்P ஆ","Vikipedia Vindrogam, Stachkoverflov Oudake, Amajjon Aka When Oru EshP aa",
"Adhu fog illa murugesa, smog.","That's not fog Murugesa, it's smog.","ஆது ஃபோக் இல்ல முருகேஸ, ஸ்மோக்।","Aadu Folk Illa Murugesa, Smoke.",
Ena bro Kilambakkam la kaanum...,"What bro, you are not to be seen at Kilambakkam...",Eந ப்ரோ ஃக²ிலம்பக்கம் ல காநும்॥।,You will find it in Pro version.,
1.5 x speed la vechu paakura Madhiri iruku,It feels like watching at 1.5x speed.,௧।௫ க்ஷ் ஸ்பீத் ல வேசு பாகுர ம்அதிரி இருகு,1.5 Ksh Speed ​​La Vesu Bagura Madiri Iruku,
Antha video vera level-la iruku,That video is on another level.,ஆந்த விதேஓ வேர லேவேல்-ல இருகு,Anda Video is at the same level,
Ethuku bro ivlo tension aguringa?,"Why are you getting so tense, bro?",Eதுகு ப்ரோ இவ்லோ தேந்ஸிஓந் அகுரிந்க?,Ethuku pro ivlo tensione agurinka?,
Nalla iruku but innum improve pannalam,It's good but can be improved more.,ணல்ல இருகு புத் இந்நும் இம்ப்ரோவே பந்நலம்,Nalla Iruku Budh Innum Improve Pannalam,
Intha logic enaku puriyala,I don't understand this logic.,ஈந்த லோகிச் ஏநகு புரியல,I don't understand the logic behind it,
Waiting for the next update nanba,"Waiting for the next update, friend.",Wஐதிந்க் ஃபோர் தே நேக்ஷ்த் உப்ததே நந்ப,Think for te next update nanpa,
Semma fun ah irunthuchi inniku session,Today's session was very fun.,ஷேம்ம ஃபுந் அஹ் இருந்துசி இந்நிகு ஸேஸ்ஸிஓந்,Shemma fun ah habotsi inniku sassion,
"Oru chinna doubt, ithu eppidi work aagum?","A small doubt, how does this work?","Oரு சிந்ந தோஉப்த், இது ஏப்பிதி வோர்க் ஆகும்?","Oru cinna thoupd, is this epiti work?",
"Nalla sonninga, ithu thaan unmai","Well said, this is the truth.","ணல்ல ஸோந்நிந்க, இது தாந் உந்மை","Nalla Sonninka, this is self-delusion",
Jananayagan movie release eppo bro?,"When is the Jananayagan movie release, bro?",ஃஜநநயகந் மோவிஏ ரேலேஅஸே ஏப்போ ப்ரோ?,Fajnayakan MOVA RELEASE EPO PRO?,
Supreme Court case 19th ku postpone aayiduchi.,The Supreme Court case has been postponed to the 19th.,ஷுப்ரேமே சோஉர்த் சஸே ௧௯த் கு போஸ்த்போநே ஆயிதுசி।,Shupreme sourth sase ௧௯th ku posthbone ayitusi.,
Rahul Gandhi tweet vera level!,Rahul Gandhi's tweet is on another level!,றஹுல் ஃக³ந்தி த்வீத் வேர லேவேல்!,Rahul Gandhi Dweed Vera Level!,
CBI enquiry la Vijay anna witness ah poyirukanga.,Vijay anna went as a witness for the CBI enquiry.,ச்Bஈ ஏந்ஃ'குஇர்ய் ல Vஇஜய் அந்ந வித்நேஸ்ஸ் அஹ் போயிருகந்க।,Chbee en'quiri la vjei anna witnesses ah poyiruganka.,
Alliance break aaguma nu ellarum keka aarambichtanga.,Everyone has started asking if the alliance will break.,ஆல்லிஅந்சே ப்ரேஅக் ஆகும நு ஏல்லரும் கேக ஆரம்பிச்தந்க।,Allianz break akuma Nu Ellerum kek arishti.,
Madan Gowri video pathu thaan update therinjikiten.,I got the update only after watching Madan Gowri's video.,ம்அதந் ஃக³ோவ்ரி விதேஓ பது தாந் உப்ததே தேரிந்ஜிகிதேந்।,Mādan ga³owri video padu dhaan update terinjikiten.,
Politics la idhu ellam common thaan.,This is all common in politics.,Pஓலிதிச்ஸ் ல இது ஏல்லம் சோம்மோந் தாந்।,In Politiches it is Ellum Sommon Than.,
Vijay anna party full form la iruku pola.,It looks like Vijay anna's party is in full form.,Vஇஜய் அந்ந பர்த்ய் ஃபுல்ல் ஃபோர்ம் ல இருகு போல।,Vijay looks like he is in full form that party.,
Election results eppo varum nu theriyuma?,Do you know when the election results will come?,Eலேச்திஓந் ரேஸுல்த்ஸ் ஏப்போ வரும் நு தேரியும?,When will the results come?,
Intha kootani set aaguma nu papom,Let's see if this alliance works out.,ஈந்த கூதநி ஸேத் ஆகும நு பபோம்,Eanda Kudani Seth Aukuma Nu Babom,
Police enquiry start pannitangala?,Has the police enquiry started?,Pஓலிசே ஏந்ஃ'குஇர்ய் ஸ்தர்த் பந்நிதந்கல?,What is the police?,
Ivlo naal enga poitinga bro?,"Where did you go all these days, bro?",ஈவ்லோ நால் ஏந்க போஇதிந்க ப்ரோ?,Ewlo Nall Enka Poitinka Bro?,
News channel la ithu thaan oduthu,This is what's running on the news channels.,ணேவ்ஸ் சந்நேல் ல இது தாந் ஓதுது,It read itself in Navs channel,
Public opinion eppidi iruku?,How is the public opinion?,Pஉப்லிச் ஓபிநிஓந் ஏப்பிதி இருகு?,What is a published opinion?,
Truth seekiram veliya varum,The truth will come out soon.,ட்ருத் ஸீகிரம் வேலிய வரும்,The truth will come out soon,
Inniku night 8 maniku live iruka?,Is there a live session tonight at 8 PM?,ஈந்நிகு நிக்த் ௮ மநிகு லிவே இருக?,Einiku nikth ௮ maniku liwe be?,
Social media la ithu thaan trend,This is the trend on social media.,ஷோசிஅல் மேதிஅ ல இது தாந் த்ரேந்த்,It's trending on social media,
Vibe aaguthu intha song!,This song gives a good vibe!,Vஇபே ஆகுது இந்த ஸோந்க்!,This site is eBay!,
Enna bro sudden ah plan change panitinga?,"Why did you change the plan so suddenly, bro?",Eந்ந ப்ரோ ஸுத்தேந் அஹ் ப்லந் சந்கே பநிதிந்க?,En pro suten ah plan sanke panithinka?,
Intha update semma mass ah iruku.,This update is really mass.,ஈந்த உப்ததே ஸேம்ம மஸ்ஸ் அஹ் இருகு।,Einda update semma mass ah iruku.,
"Work load romba jasthi, stress ah iruku.","The work load is too much, it's stressful.","Wஓர்க் லோஅத் ரோம்ப ஜஸ்தி, ஸ்த்ரேஸ்ஸ் அஹ் இருகு।","W ork loath romba jasti, stresses ah iruku.",
Lunch ku enna menu innaiku?,What's the menu for lunch today?,ளுந்ச் கு ஏந்ந மேநு இந்நைகு?,What is the menu for lunch?,
Tomorrow leave ah bro ungaluku?,"Is tomorrow a holiday for you, bro?",டோமோர்ரோவ் லேஅவே அஹ் ப்ரோ உந்கலுகு?,TOMORROW LAYAWAY Ah Bro Ungaluku?,
Intha hotel la food quality nalla iruku,The food quality is good in this hotel.,ஈந்த ஹோதேல் ல ஃபூத் ஃ'குஅலித்ய் நல்ல இருகு,The food and quality of the hotel is good,
Online orders romba late aaguthu,Online orders are getting very late.,Oந்லிநே ஓர்தேர்ஸ் ரோம்ப லதே ஆகுது,Online orders are available,
Google maps la route wrong ah kaatuthu,Google Maps is showing the wrong route.,ஃக³ூக்லே மப்ஸ் ல ரோஉதே வ்ரோந்க் அஹ் காதுது,Fo³ugle mubs la roude wronk ah khatutu,
Enaku konjam help panna mudiyuma?,Can you help me a bit?,Eநகு கோந்ஜம் ஹேல்ப் பந்ந முதியும?,Is Naku Gonjam Help Panna Muthuyum?,
Intha project work mudika innum 2 days aagum.,It will take 2 more days to finish this project work.,ஈந்த ப்ரோஜேச்த் வோர்க் முதிக இந்நும் ௨ தய்ஸ் ஆகும்।,The duration of project work is 2 Thais.,
"Bike service ku vuturuken, evening thaan kidaikum.","I have left my bike for service, I will get it only in the evening.","Bஇகே ஸேர்விசே கு வுதுருகேந், ஏவேநிந்க் தாந் கிதைகும்।","BK Service Ku Wuduruken, Avenink Than Kithaikum.",
Intha project work mudika innum 2 days aagum.,It will take 2 more days to finish this project work.,ஈந்த ப்ரோஜேச்த் வோர்க் முதிக இந்நும் ௨ தய்ஸ் ஆகும்।,The duration of project work is 2 Thais.,
"Bike service ku vuturuken, evening thaan kidaikum.","I have left my bike for service, I will get it only in the evening.","Bஇகே ஸேர்விசே கு வுதுருகேந், ஏவேநிந்க் தாந் கிதைகும்।","BK Service Ku Wuduruken, Avenink Than Kithaikum.",
"Current cut aayiduchi, fan kuda odala.","The power went out, even the fan isn't working.","சுர்ரேந்த் சுத் ஆயிதுசி, ஃபந் குத ஓதல।","Surrend Sud Aaidusi, Fan Kuta Othala.",
"Inniku office la romba tension, manager thittite irukaru.","Too much tension at the office today, the manager keeps scolding.","ஈந்நிகு ஓஃப்ஃபிசே ல ரோம்ப தேந்ஸிஓந், மநகேர் தித்திதே இருகரு।","Enniku office la romba tensione, managere titithe irugaru.",
"Amazon prime la puthu movie vanthuruku, paathiya?","A new movie has come out on Amazon Prime, did you watch it?","ஆமஃஜோந் ப்ரிமே ல புது மோவிஏ வந்துருகு, பாதிய?","A new movie is coming to Amazon Prime, right?",
"Signal kidaikala, voice break aaguthu.","I'm not getting signal, your voice is breaking.","ஷிக்நல் கிதைகல, வோஇசே ப்ரேஅக் ஆகுது।","Shiknal Kithaigala, voise praek.",
Meeting eppo start aagum nu notification varala.,I didn't get a notification about when the meeting starts.,ம்ஈதிந்க் ஏப்போ ஸ்தர்த் ஆகும் நு நோதிஃபிசதிஓந் வரல।,Meethink apo sthardh is nu notifisatione varala.,
Oru nalla laptop suggest pannunga bro.,"Please suggest a good laptop, bro.",Oரு நல்ல லப்தோப் ஸுக்கேஸ்த் பந்நுந்க ப்ரோ।,A good laptop is Sukhest Pannungka Pro.,
Intha dress unaku nalla suit aaguthu.,This dress suits you well.,ஈந்த த்ரேஸ்ஸ் உநகு நல்ல ஸுஇத் ஆகுது।,Eanda threads are a good suit for you.,
Exam results pathu romba happy ah iruken.,I am very happy after seeing the exam results.,Eக்ஷம் ரேஸுல்த்ஸ் பது ரோம்ப ஹப்ப்ய் அஹ் இருகேந்।,Eksham rasults ten rompa habby ah irukhen.,
Bus stand ku eppidi ponum nu sollu.,Tell me how to go to the bus stand.,Bஉஸ் ஸ்தந்த் கு ஏப்பிதி போநும் நு ஸோல்லு।,B us stand ku aepidi ponum nu zollu.,
Inniku dinner ku veliya polama?,Shall we go out for dinner today?,ஈந்நிகு திந்நேர் கு வேலிய போலம?,Einniku Thinner Ku Veliya Polama?,
"Paytm la money send panniten, check panniko.","I sent the money via Paytm, please check it.","Pஅய்த்ம் ல மோநேய் ஸேந்த் பந்நிதேந், சேச்க் பந்நிகோ।","Paytm La Monei Sent Pannithen, Sechk Panniko.",
Intha mobile camera quality semmaya iruku.,This mobile camera quality is awesome.,ஈந்த மோபிலே சமேர ஃ'குஅலித்ய் ஸேம்மய இருகு।,Stay on the same mobile phone with the same quality.,
"Traffic la maatikiten, 10 mins late aagum.","I'm stuck in traffic, I'll be 10 minutes late.","ட்ரஃப்ஃபிச் ல மாதிகிதேந், ௧௦ மிந்ஸ் லதே ஆகும்।",Trafficch La Madhikitene is 10 mins Lathe.,
Nethu match la Dhoni performance vera level.,Dhoni's performance in yesterday's match was on another level.,ணேது மத்ச் ல டோநி பேர்ஃபோர்மந்சே வேர லேவேல்।,Tony's performance in the net match was very good.,
Intha area la house rent romba high.,House rent is very high in this area.,ஈந்த அரேஅ ல ஹோஉஸே ரேந்த் ரோம்ப ஹிக்।,Einda area la house rend rompa hig.,
Doctor appointment 6 maniku fix panniruken.,I have fixed the doctor's appointment for 6 PM.,டோச்தோர் அப்போஇந்த்மேந்த் ௬ மநிகு ஃபிக்ஷ் பந்நிருகேந்।,Dochthor apohindmenth ௬ maniku fiksh panniruken.,
College admission fees eppo pay pannanum?,When should the college admission fees be paid?,சோல்லேகே அத்மிஸ்ஸிஓந் ஃபீஸ் ஏப்போ பய் பந்நநும்?,Solleke admissionone fee apo pai pannanum?,
Intha food romba spicy ah iruku.,This food is very spicy.,ஈந்த ஃபூத் ரோம்ப ஸ்பிச்ய் அஹ் இருகு।,Enda futh rompa spichiy ah irugu.,
Flight ticket rate sudden ah eariiduchi.,Flight ticket rates increased suddenly.,Fலிக்த் திச்கேத் ரதே ஸுத்தேந் அஹ் ஏஅரீதுசி।,Flikt thikhet rathe suten ah aaredusi.,
"System hang aaguthu, restart pannanum.","The system is hanging, I need to restart it.","ஷ்ய்ஸ்தேம் ஹந்க் ஆகுது, ரேஸ்தர்த் பந்நநும்।",Shysthem is hunk and racedharth is male.,
Inniku climate romba cool ah iruku.,The climate is very cool today.,ஈந்நிகு ச்லிமதே ரோம்ப சூல் அஹ் இருகு।,Einiku chlimate rhomba chul ah irugu.,
Birthday party ku ellarayum invite panniya?,Did you invite everyone to the birthday party?,Bஇர்த்தய் பர்த்ய் கு ஏல்லரயும் இந்விதே பந்நிய?,Is this the same for everyone on birthdays?,
Intha song loop la kettu iruken.,I've been listening to this song on loop.,ஈந்த ஸோந்க் லூப் ல கேத்து இருகேந்।,Irukhen asked in the endah zonk loop.,
Salary innum credit aagala bro.,"The salary hasn't been credited yet, bro.",ஷலர்ய் இந்நும் ச்ரேதித் ஆகல ப்ரோ।,Shalari innum chredit agala pro.,
Gym ku poga start pannanum.,I need to start going to the gym.,ஃக³்ய்ம் கு போக ஸ்தர்த் பந்நநும்।,गुज्य कु फोका स्टर्थ बनननुम.,
Intha book romba interesting ah iruku.,This book is very interesting.,ஈந்த பூக் ரோம்ப இந்தேரேஸ்திந்க் அஹ் இருகு।,Einda buk romba inderestink ah iruku.,
Water bottle eduthutu vara maranthuten.,I forgot to bring the water bottle.,Wஅதேர் போத்த்லே ஏதுதுது வர மரந்துதேந்।,Wother botthle etutudtu vara died.,
Shift timing change aayiduchi.,The shift timing has changed.,ஷிஃப்த் திமிந்க் சந்கே ஆயிதுசி।,Shift Timing Sanke Aaidusi.,
Mobile recharge panna maranthuten.,I forgot to recharge my mobile.,ம்ஓபிலே ரேசர்கே பந்ந மரந்துதேந்।,Racerke panna maranduthen in mobile.,
Intha laptop battery backup nalla iruku.,This laptop's battery backup is good.,ஈந்த லப்தோப் பத்தேர்ய் பச்குப் நல்ல இருகு।,A good seat for the laptop.,
Interview eppo nu mail vanthuchi.,I received a mail about when the interview is.,ஈந்தேர்விஏவ் ஏப்போ நு மைல் வந்துசி।,Entervaev apo nu mile come.,
Movie ticket online la book panniya?,Did you book the movie ticket online?,ம்ஓவிஏ திச்கேத் ஓந்லிநே ல பூக் பந்நிய?,MOVA THICKET ONLINE LA BOOQ BANNYA?,
Inniku lunch box pack panna time illa.,There was no time to pack the lunch box today.,ஈந்நிகு லுந்ச் போக்ஷ் பச்க் பந்ந திமே இல்ல।,Einniku lunch boksh bachk panna thime illa.,
Heavy rain nala match cancel aayiduchi.,The match was cancelled due to heavy rain.,ஃஏஅவ்ய் ரைந் நல மத்ச் சந்சேல் ஆயிதுசி।,Fay Rain Nala Match Sansel Aidusi.,
Weekend plan enna nanba?,"What is the weekend plan, friend?",Wஈகேந்த் ப்லந் ஏந்ந நந்ப?,Why WeKend Plan?,
Parcel innum delivery aagala.,The parcel has not been delivered yet.,Pஅர்சேல் இந்நும் தேலிவேர்ய் ஆகல।,Arsale is not a delivery company.,
Intha shop la tea semmaya irukum.,The tea in this shop will be excellent.,ஈந்த ஶோப் ல தேஅ ஸேம்மய இருகும்।,Tea will be available in the shop.,
Exam ku prepare aaga innum time venum.,I need more time to prepare for the exam.,Eக்ஷம் கு ப்ரேபரே ஆக இந்நும் திமே வேநும்।,This is the time to prepare for Eksham.,
Power bank charge la puda maranthuten.,I forgot to put the power bank on charge.,Pஓவேர் பந்க் சர்கே ல புத மரந்துதேந்।,Pover Bank Sirke la Budha Maranthudhen.,
Intha phone cover nalla protect pannuthu.,This phone cover protects well.,ஈந்த போநே சோவேர் நல்ல ப்ரோதேச்த் பந்நுது।,Einda Bone Sower is a good Prothech Pannudu.,
Inniku evening cricket vilayada polama?,Shall we go to play cricket this evening?,ஈந்நிகு ஏவேநிந்க் ச்ரிச்கேத் விலயத போலம?,Einniku aveninink chrichketh wilayata bolama?,
Wifi connection romba slow ah iruku.,The wifi connection is very slow.,Wஇஃபி சோந்நேச்திஓந் ரோம்ப ஸ்லோவ் அஹ் இருகு।,Wifi sonnechtion rompa slov ah iruku.,
Intha movie climax yarum ethir paakala.,No one expected this movie's climax.,ஈந்த மோவிஏ ச்லிமக்ஷ் யரும் ஏதிர் பாகல।,Einda mova chlimaksh yarum etir bagala.,
Office meeting cancel aayiduchi nu sonnanga.,They said the office meeting has been cancelled.,Oஃப்ஃபிசே மீதிந்க் சந்சேல் ஆயிதுசி நு ஸோந்நந்க।,Officie methink sansel aaidusi nu sonnanda.,
New year celebration ku plan enna?,What is the plan for the New Year celebration?,ணேவ் யேஅர் சேலேப்ரதிஓந் கு ப்லந் ஏந்ந?,What are you planning to celebrate this year?,
Intha dress color unaku match aagala.,This dress color doesn't match you.,ஈந்த த்ரேஸ்ஸ் சோலோர் உநகு மத்ச் ஆகல।,Eanda threads are not a match for Solor.,
Online classes kavanika mudiyala.,I am unable to pay attention to online classes.,Oந்லிநே ச்லஸ்ஸேஸ் கவநிக முதியல।,Online classes are very important.,
Laptop bag la chain stuck aayiduchi.,The zipper on the laptop bag got stuck.,ளப்தோப் பக் ல சைந் ஸ்துச்க் ஆயிதுசி।,Laptop Bag La Sain Stuchk Aidusi.,
Intha song lyrics romba deep ah iruku.,The lyrics of this song are very deep.,ஈந்த ஸோந்க் ல்ய்ரிச்ஸ் ரோம்ப தீப் அஹ் இருகு।,Eanda Zonk Lyrichs Rompa Deep Ah Iruku.,
Rainy season start aaga poguthu pola.,It looks like the rainy season is about to start.,றைந்ய் ஸேஅஸோந் ஸ்தர்த் ஆக போகுது போல।,Like the season is about to start.,
Headphones sound quality check pannanum.,I need to check the headphones' sound quality.,ஃஏஅத்போநேஸ் ஸோஉந்த் ஃ'குஅலித்ய் சேச்க் பந்நநும்।,Faeathbones sound f'quality sechk pannanum.,
Google drive la space illa nu varuthu.,It says there is no space in Google Drive.,ஃக³ூக்லே த்ரிவே ல ஸ்பசே இல்ல நு வருது।,There is no spase in the three way.,
Intha product delivery charge romba high.,The delivery charge for this product is very high.,ஈந்த ப்ரோதுச்த் தேலிவேர்ய் சர்கே ரோம்ப ஹிக்।,Einda produchth teliveryi sarke rompa hig.,
Evening walk poga romba relax ah iruku.,It feels very relaxing to go for an evening walk.,Eவேநிந்க் வல்க் போக ரோம்ப ரேலக்ஷ் அஹ் இருகு।,Evenink vulk go romba relaksh ah iruku.,
Mobile screen glass break aayiduchi.,The mobile screen glass got broken.,ம்ஓபிலே ஸ்ச்ரீந் க்லஸ்ஸ் ப்ரேஅக் ஆயிதுசி।,Mobile screen classes break aid.,
Next week trip ku ready aagiko.,Get ready for the trip next week.,ணேக்ஷ்த் வீக் த்ரிப் கு ரேஅத்ய் ஆகிகோ।,Next week trip to Rayathy Akiko.,
"hi makale,nanu enoda friends um oru tamil tech podcast panitu irkom","Hi guys, my friends and I are doing a Tamil tech podcast.","ஹி மக்கலே,நநு ஏநோத ஃப்ரிஏந்த்ஸ் உம் ஓரு தமில் தேச் போத்சஸ்த் பநிது இர்கோம்",,Phonetic_Variation
"vanakkam makkale,naanu enoda friends um oru tamil tech podcast panitu irkom","Hi guys, my friends and I are doing a Tamil tech podcast.","ஹி மக்கலே,நநு ஏநோத ஃப்ரிஏந்த்ஸ் உம் ஓரு தமில் தேச் போத்சஸ்த் பநிது இர்கோம்",,Slang_Replacement
"hi makkale,nanu enoda friends um oru tamil tech podcast panitu irkom","Hi guys, my friends and I are doing a Tamil tech podcast.","ஹி மக்கலே,நநு ஏநோத ஃப்ரிஏந்த்ஸ் உம் ஓரு தமில் தேச் போத்சஸ்த் பநிது இர்கோம்",,Lexical_Loan_Words
"hi makkale,nanu enoda friends um oru tamil tech podcast panitu irkom please","Hi guys, my friends and I are doing a Tamil tech podcast. (polite)","ஹி மக்கலே,நநு ஏநோத ஃப்ரிஏந்த்ஸ் உம் ஓரு தமில் தேச் போத்சஸ்த் பநிது இர்கோம்",,Style_Variation
"wikipedia vin dhrogam, stackoverflow outage, amazon aga podhu oru ISP aa","Wikipedia's betrayal, stackoverflow outage, is Amazon going to become an ISP?","விகிபேதிஅ விந் த்ரோகம், ஸ்தச்கோவேர்ஃப்லோவ் ஓஉதகே, அமஃஜோந் அக போது ஓரு ஈஷ்P ஆ",,Phonetic_Variation
"wikipedia vin dhrogam, stackoverflow outage, amazon aga podhu oru ISP aa","Wikipedia's betrayal, stackoverflow outage, is Amazon going to become an ISP?","விகிபேதிஅ விந் த்ரோகம், ஸ்தச்கோவேர்ஃப்லோவ் ஓஉதகே, அமஃஜோந் அக போது ஓரு ஈஷ்P ஆ",,Slang_Replacement
"wikipedia vin dhrogam, stackoverflow outage, amazon aga podhu oru ISP aa","Wikipedia's betrayal, stackoverflow outage, is Amazon going to become an ISP?","விகிபேதிஅ விந் த்ரோகம், ஸ்தச்கோவேர்ஃப்லோவ் ஓஉதகே, அமஃஜோந் அக போது ஓரு ஈஷ்P ஆ",,Lexical_Loan_Words
"wikipedia vin dhrogam, stackoverflow outage, amazon aga podhu oru ISP aa please","Wikipedia's betrayal, stackoverflow outage, is Amazon going to become an ISP? (polite)","விகிபேதிஅ விந் த்ரோகம், ஸ்தச்கோவேர்ஃப்லோவ் ஓஉதகே, அமஃஜோந் அக போது ஓரு ஈஷ்P ஆ",,Style_Variation
"Adhu fog ila murugesa, smog.","That's not fog Murugesa, it's smog.","ஆது ஃபோக் இல்ல முருகேஸ, ஸ்மோக்।",,Phonetic_Variation
"Adhu fog illa murugesa, smog.","That's not fog Murugesa, it's smog.","ஆது ஃபோக் இல்ல முருகேஸ, ஸ்மோக்।",,Slang_Replacement
"Adhu fog illa murugesa, smog.","That's not fog Murugesa, it's smog.","ஆது ஃபோக் இல்ல முருகேஸ, ஸ்மோக்।",,Lexical_Loan_Words
"Adhu fog illa murugesa, smog. please","That's not fog Murugesa, it's smog. (polite)","ஆது ஃபோக் இல்ல முருகேஸ, ஸ்மோக்।",,Style_Variation
Ena bro Kilambakam la kaanum...,"What bro, you are not to be seen at Kilambakkam...",Eந ப்ரோ ஃக²ிலம்பக்கம் ல காநும்॥।,,Phonetic_Variation
Ena nanba Kilambakkam la kaanum...,"What bro, you are not to be seen at Kilambakkam...",Eந ப்ரோ ஃக²ிலம்பக்கம் ல காநும்॥।,,Slang_Replacement
Ena bro Kilambakkam la kaanum...,"What bro, you are not to be seen at Kilambakkam...",Eந ப்ரோ ஃக²ிலம்பக்கம் ல காநும்॥।,,Lexical_Loan_Words
Ena bro Kilambakkam la kaanum... please,"What bro, you are not to be seen at Kilambakkam... (polite)",Eந ப்ரோ ஃக²ிலம்பக்கம் ல காநும்॥।,,Style_Variation
1.5 x speed la vechu paakura Madhiri iruku,It feels like watching at 1.5x speed.,௧।௫ க்ஷ் ஸ்பீத் ல வேசு பாகுர ம்அதிரி இருகு,,Phonetic_Variation
1.5 x speed la vechu paakura Madvanakkamri iruku,It feels like watching at 1.5x speed.,௧।௫ க்ஷ் ஸ்பீத் ல வேசு பாகுர ம்அதிரி இருகு,,Slang_Replacement
1.5 x speed la vechu paakura Madhiri iruku,It feels like watching at 1.5x speed.,௧।௫ க்ஷ் ஸ்பீத் ல வேசு பாகுர ம்அதிரி இருகு,,Lexical_Loan_Words
1.5 x speed la vechu paakura Madhiri iruku please,It feels like watching at 1.5x speed. (polite),௧।௫ க்ஷ் ஸ்பீத் ல வேசு பாகுர ம்அதிரி இருகு,,Style_Variation
Anda video vera level-la iruku,That video is on another level.,ஆந்த விதேஓ வேர லேவேல்-ல இருகு,,Phonetic_Variation
Antha video vera level-la iruku,That video is on another level.,ஆந்த விதேஓ வேர லேவேல்-ல இருகு,,Slang_Replacement
Antha video super-la iruku,That video is on another level.,ஆந்த விதேஓ வேர லேவேல்-ல இருகு,,Lexical_Loan_Words
Antha video vera level-la iruku please,That video is on another level. (polite),ஆந்த விதேஓ வேர லேவேல்-ல இருகு,,Style_Variation
Eduku bro ivlo tension aguringa?,"Why are you getting so tense, bro?",Eதுகு ப்ரோ இவ்லோ தேந்ஸிஓந் அகுரிந்க?,,Phonetic_Variation
Ethuku nanba ivlo tension aguringa?,"Why are you getting so tense, bro?",Eதுகு ப்ரோ இவ்லோ தேந்ஸிஓந் அகுரிந்க?,,Slang_Replacement
Ethuku bro ivlo angry aguringa?,"Why are you getting so tense, bro?",Eதுகு ப்ரோ இவ்லோ தேந்ஸிஓந் அகுரிந்க?,,Lexical_Loan_Words
Ethuku bro ivlo tension aguringa? please,"Why are you getting so tense, bro? (polite)",Eதுகு ப்ரோ இவ்லோ தேந்ஸிஓந் அகுரிந்க?,,Style_Variation
Nala iruku but innum improve pannalam,It's good but can be improved more.,ணல்ல இருகு புத் இந்நும் இம்ப்ரோவே பந்நலம்,,Phonetic_Variation
Nalla iruku but innum improve pannalam,It's good but can be improved more.,ணல்ல இருகு புத் இந்நும் இம்ப்ரோவே பந்நலம்,,Slang_Replacement
Nalla iruku but innum improve pannalam,It's good but can be improved more.,ணல்ல இருகு புத் இந்நும் இம்ப்ரோவே பந்நலம்,,Lexical_Loan_Words
Nalla iruku but innum improve pannalam please,It's good but can be improved more. (polite),ணல்ல இருகு புத் இந்நும் இம்ப்ரோவே பந்நலம்,,Style_Variation
Inda logic enaku puriyala,I don't understand this logic.,ஈந்த லோகிச் ஏநகு புரியல,,Phonetic_Variation
Intha logic enaku puriyala,I don't understand this logic.,ஈந்த லோகிச் ஏநகு புரியல,,Slang_Replacement
Intha point enaku puriyala,I don't understand this logic.,ஈந்த லோகிச் ஏநகு புரியல,,Lexical_Loan_Words
Intha logic enaku puriyala please,I don't understand this logic. (polite),ஈந்த லோகிச் ஏநகு புரியல,,Style_Variation
Waiting for de next update nanba,"Waiting for the next update, friend.",Wஐதிந்க் ஃபோர் தே நேக்ஷ்த் உப்ததே நந்ப,,Phonetic_Variation
Waiting for the next update nanba,"Waiting for the next update, friend.",Wஐதிந்க் ஃபோர் தே நேக்ஷ்த் உப்ததே நந்ப,,Slang_Replacement
Waiting for the next update nanba,"Waiting for the next update, friend.",Wஐதிந்க் ஃபோர் தே நேக்ஷ்த் உப்ததே நந்ப,,Lexical_Loan_Words
Waiting for the next update nanba please,"Waiting for the next update, friend. (polite)",Wஐதிந்க் ஃபோர் தே நேக்ஷ்த் உப்ததே நந்ப,,Style_Variation
Semma fun ah irunduchi inniku session,Today's session was very fun.,ஷேம்ம ஃபுந் அஹ் இருந்துசி இந்நிகு ஸேஸ்ஸிஓந்,,Phonetic_Variation
Semma fun ah irunthucvanakkam inniku session,Today's session was very fun.,ஷேம்ம ஃபுந் அஹ் இருந்துசி இந்நிகு ஸேஸ்ஸிஓந்,,Slang_Replacement
Semma fun ah irunthuchi inniku session,Today's session was very fun.,ஷேம்ம ஃபுந் அஹ் இருந்துசி இந்நிகு ஸேஸ்ஸிஓந்,,Lexical_Loan_Words
Semma fun ah irunthuchi inniku session please,Today's session was very fun. (polite),ஷேம்ம ஃபுந் அஹ் இருந்துசி இந்நிகு ஸேஸ்ஸிஓந்,,Style_Variation
"Oru chinna doubt, idu eppidi work aagum?","A small doubt, how does this work?","Oரு சிந்ந தோஉப்த், இது ஏப்பிதி வோர்க் ஆகும்?",,Phonetic_Variation
"Oru cvanakkamnna doubt, ithu eppidi work aagum?","A small doubt, how does this work?","Oரு சிந்ந தோஉப்த், இது ஏப்பிதி வோர்க் ஆகும்?",,Slang_Replacement
"Oru chinna doubt, ithu eppidi work aagum?","A small doubt, how does this work?","Oரு சிந்ந தோஉப்த், இது ஏப்பிதி வோர்க் ஆகும்?",,Lexical_Loan_Words
"Oru chinna doubt, ithu eppidi work aagum? please","A small doubt, how does this work? (polite)","Oரு சிந்ந தோஉப்த், இது ஏப்பிதி வோர்க் ஆகும்?",,Style_Variation
"Nala sonninga, idu daan unmai","Well said, this is the truth.","ணல்ல ஸோந்நிந்க, இது தாந் உந்மை",,Phonetic_Variation
"Nalla sonninga, ithu thaan unmai","Well said, this is the truth.","ணல்ல ஸோந்நிந்க, இது தாந் உந்மை",,Slang_Replacement
"Nalla sonninga, ithu thaan unmai","Well said, this is the truth.","ணல்ல ஸோந்நிந்க, இது தாந் உந்மை",,Lexical_Loan_Words
"Nalla sonninga, ithu thaan unmai please","Well said, this is the truth. (polite)","ணல்ல ஸோந்நிந்க, இது தாந் உந்மை",,Style_Variation
Jananayagan movie release eppo bro?,"When is the Jananayagan movie release, bro?",ஃஜநநயகந் மோவிஏ ரேலேஅஸே ஏப்போ ப்ரோ?,,Phonetic_Variation
Jananayagan movie release eppo nanba?,"When is the Jananayagan movie release, bro?",ஃஜநநயகந் மோவிஏ ரேலேஅஸே ஏப்போ ப்ரோ?,,Slang_Replacement
Jananayagan movie release eppo bro?,"When is the Jananayagan movie release, bro?",ஃஜநநயகந் மோவிஏ ரேலேஅஸே ஏப்போ ப்ரோ?,,Lexical_Loan_Words
Jananayagan movie release eppo bro? please,"When is the Jananayagan movie release, bro? (polite)",ஃஜநநயகந் மோவிஏ ரேலேஅஸே ஏப்போ ப்ரோ?,,Style_Variation
Supreme Court case 19d ku postpone aayiduchi.,The Supreme Court case has been postponed to the 19th.,ஷுப்ரேமே சோஉர்த் சஸே ௧௯த் கு போஸ்த்போநே ஆயிதுசி।,,Phonetic_Variation
Supreme Court case 19th ku postpone aayiducvanakkam.,The Supreme Court case has been postponed to the 19th.,ஷுப்ரேமே சோஉர்த் சஸே ௧௯த் கு போஸ்த்போநே ஆயிதுசி।,,Slang_Replacement
Supreme Court case 19th ku postpone aayiduchi.,The Supreme Court case has been postponed to the 19th.,ஷுப்ரேமே சோஉர்த் சஸே ௧௯த் கு போஸ்த்போநே ஆயிதுசி।,,Lexical_Loan_Words
Supreme Court case 19th ku postpone aayiduchi. please,The Supreme Court case has been postponed to the 19th. (polite),ஷுப்ரேமே சோஉர்த் சஸே ௧௯த் கு போஸ்த்போநே ஆயிதுசி।,,Style_Variation
Rahul Gandhi tweet vera level!,Rahul Gandhi's tweet is on another level!,றஹுல் ஃக³ந்தி த்வீத் வேர லேவேல்!,,Phonetic_Variation
Rahul Gandvanakkam tweet vera level!,Rahul Gandhi's tweet is on another level!,றஹுல் ஃக³ந்தி த்வீத் வேர லேவேல்!,,Slang_Replacement
Rahul Gandhi tweet super!,Rahul Gandhi's tweet is on another level!,றஹுல் ஃக³ந்தி த்வீத் வேர லேவேல்!,,Lexical_Loan_Words
Rahul Gandhi tweet vera level! please,Rahul Gandhi's tweet is on another level! (polite),றஹுல் ஃக³ந்தி த்வீத் வேர லேவேல்!,,Style_Variation
CBI enquiry la Vijay anna witness ah poyirukanga.,Vijay anna went as a witness for the CBI enquiry.,ச்Bஈ ஏந்ஃ'குஇர்ய் ல Vஇஜய் அந்ந வித்நேஸ்ஸ் அஹ் போயிருகந்க।,,Phonetic_Variation
CBI enquiry la Vijay anna witness ah poyirukanga.,Vijay anna went as a witness for the CBI enquiry.,ச்Bஈ ஏந்ஃ'குஇர்ய் ல Vஇஜய் அந்ந வித்நேஸ்ஸ் அஹ் போயிருகந்க।,,Slang_Replacement
CBI enquiry la Vijay anna witness ah poyirukanga.,Vijay anna went as a witness for the CBI enquiry.,ச்Bஈ ஏந்ஃ'குஇர்ய் ல Vஇஜய் அந்ந வித்நேஸ்ஸ் அஹ் போயிருகந்க।,,Lexical_Loan_Words
CBI enquiry la Vijay anna witness ah poyirukanga. please,Vijay anna went as a witness for the CBI enquiry. (polite),ச்Bஈ ஏந்ஃ'குஇர்ய் ல Vஇஜய் அந்ந வித்நேஸ்ஸ் அஹ் போயிருகந்க।,,Style_Variation
Aliance break aaguma nu elarum keka aarambichtanga.,Everyone has started asking if the alliance will break.,ஆல்லிஅந்சே ப்ரேஅக் ஆகும நு ஏல்லரும் கேக ஆரம்பிச்தந்க।,,Phonetic_Variation
Alliance break aaguma nu ellarum keka aarambichtanga.,Everyone has started asking if the alliance will break.,ஆல்லிஅந்சே ப்ரேஅக் ஆகும நு ஏல்லரும் கேக ஆரம்பிச்தந்க।,,Slang_Replacement
Alliance break aaguma nu ellarum keka aarambichtanga.,Everyone has started asking if the alliance will break.,ஆல்லிஅந்சே ப்ரேஅக் ஆகும நு ஏல்லரும் கேக ஆரம்பிச்தந்க।,,Lexical_Loan_Words
Alliance break aaguma nu ellarum keka aarambichtanga. please,Everyone has started asking if the alliance will break. (polite),ஆல்லிஅந்சே ப்ரேஅக் ஆகும நு ஏல்லரும் கேக ஆரம்பிச்தந்க।,,Style_Variation
Madan Gowri video padu daan update derinjikiten.,I got the update only after watching Madan Gowri's video.,ம்அதந் ஃக³ோவ்ரி விதேஓ பது தாந் உப்ததே தேரிந்ஜிகிதேந்।,,Phonetic_Variation
Madan Gowri video pathu thaan update therinjikiten.,I got the update only after watching Madan Gowri's video.,ம்அதந் ஃக³ோவ்ரி விதேஓ பது தாந் உப்ததே தேரிந்ஜிகிதேந்।,,Slang_Replacement
Madan Gowri video pathu thaan update therinjikiten.,I got the update only after watching Madan Gowri's video.,ம்அதந் ஃக³ோவ்ரி விதேஓ பது தாந் உப்ததே தேரிந்ஜிகிதேந்।,,Lexical_Loan_Words
Madan Gowri video pathu thaan update therinjikiten. please,I got the update only after watching Madan Gowri's video. (polite),ம்அதந் ஃக³ோவ்ரி விதேஓ பது தாந் உப்ததே தேரிந்ஜிகிதேந்।,,Style_Variation
Politics la idhu elam common daan.,This is all common in politics.,Pஓலிதிச்ஸ் ல இது ஏல்லம் சோம்மோந் தாந்।,,Phonetic_Variation
Politics la idhu ellam common thaan.,This is all common in politics.,Pஓலிதிச்ஸ் ல இது ஏல்லம் சோம்மோந் தாந்।,,Slang_Replacement
Politics la idhu ellam common thaan.,This is all common in politics.,Pஓலிதிச்ஸ் ல இது ஏல்லம் சோம்மோந் தாந்।,,Lexical_Loan_Words
Politics la idhu ellam common thaan. please,This is all common in politics. (polite),Pஓலிதிச்ஸ் ல இது ஏல்லம் சோம்மோந் தாந்।,,Style_Variation
Vijay anna party ful form la iruku pola.,It looks like Vijay anna's party is in full form.,Vஇஜய் அந்ந பர்த்ய் ஃபுல்ல் ஃபோர்ம் ல இருகு போல।,,Phonetic_Variation
Vijay anna party full form la iruku pola.,It looks like Vijay anna's party is in full form.,Vஇஜய் அந்ந பர்த்ய் ஃபுல்ல் ஃபோர்ம் ல இருகு போல।,,Slang_Replacement
Vijay anna party full form la iruku pola.,It looks like Vijay anna's party is in full form.,Vஇஜய் அந்ந பர்த்ய் ஃபுல்ல் ஃபோர்ம் ல இருகு போல।,,Lexical_Loan_Words
Vijay anna party full form la iruku pola. please,It looks like Vijay anna's party is in full form. (polite),Vஇஜய் அந்ந பர்த்ய் ஃபுல்ல் ஃபோர்ம் ல இருகு போல।,,Style_Variation
Election results eppo varum nu deriyuma?,Do you know when the election results will come?,Eலேச்திஓந் ரேஸுல்த்ஸ் ஏப்போ வரும் நு தேரியும?,,Phonetic_Variation
Election results eppo varum nu theriyuma?,Do you know when the election results will come?,Eலேச்திஓந் ரேஸுல்த்ஸ் ஏப்போ வரும் நு தேரியும?,,Slang_Replacement
Election results eppo varum nu theriyuma?,Do you know when the election results will come?,Eலேச்திஓந் ரேஸுல்த்ஸ் ஏப்போ வரும் நு தேரியும?,,Lexical_Loan_Words
Election results eppo varum nu theriyuma? please,Do you know when the election results will come? (polite),Eலேச்திஓந் ரேஸுல்த்ஸ் ஏப்போ வரும் நு தேரியும?,,Style_Variation
Inda kootani set aaguma nu papom,Let's see if this alliance works out.,ஈந்த கூதநி ஸேத் ஆகும நு பபோம்,,Phonetic_Variation
Intha kootani set aaguma nu papom,Let's see if this alliance works out.,ஈந்த கூதநி ஸேத் ஆகும நு பபோம்,,Slang_Replacement
Intha kootani set aaguma nu papom,Let's see if this alliance works out.,ஈந்த கூதநி ஸேத் ஆகும நு பபோம்,,Lexical_Loan_Words
Intha kootani set aaguma nu papom please,Let's see if this alliance works out. (polite),ஈந்த கூதநி ஸேத் ஆகும நு பபோம்,,Style_Variation
Police enquiry start pannitangala?,Has the police enquiry started?,Pஓலிசே ஏந்ஃ'குஇர்ய் ஸ்தர்த் பந்நிதந்கல?,,Phonetic_Variation
Police enquiry start pannitangala?,Has the police enquiry started?,Pஓலிசே ஏந்ஃ'குஇர்ய் ஸ்தர்த் பந்நிதந்கல?,,Slang_Replacement
Police enquiry start pannitangala?,Has the police enquiry started?,Pஓலிசே ஏந்ஃ'குஇர்ய் ஸ்தர்த் பந்நிதந்கல?,,Lexical_Loan_Words
Police enquiry start pannitangala? please,Has the police enquiry started? (polite),Pஓலிசே ஏந்ஃ'குஇர்ய் ஸ்தர்த் பந்நிதந்கல?,,Style_Variation
Ivlo naal enga poitinga bro?,"Where did you go all these days, bro?",ஈவ்லோ நால் ஏந்க போஇதிந்க ப்ரோ?,,Phonetic_Variation
Ivlo naal enga poitinga nanba?,"Where did you go all these days, bro?",ஈவ்லோ நால் ஏந்க போஇதிந்க ப்ரோ?,,Slang_Replacement
Ivlo naal enga poitinga bro?,"Where did you go all these days, bro?",ஈவ்லோ நால் ஏந்க போஇதிந்க ப்ரோ?,,Lexical_Loan_Words
Ivlo naal enga poitinga bro? please,"Where did you go all these days, bro? (polite)",ஈவ்லோ நால் ஏந்க போஇதிந்க ப்ரோ?,,Style_Variation
News channel la idu daan odudu,This is what's running on the news channels.,ணேவ்ஸ் சந்நேல் ல இது தாந் ஓதுது,,Phonetic_Variation
News channel la ithu thaan oduthu,This is what's running on the news channels.,ணேவ்ஸ் சந்நேல் ல இது தாந் ஓதுது,,Slang_Replacement
News channel la ithu thaan oduthu,This is what's running on the news channels.,ணேவ்ஸ் சந்நேல் ல இது தாந் ஓதுது,,Lexical_Loan_Words
News channel la ithu thaan oduthu please,This is what's running on the news channels. (polite),ணேவ்ஸ் சந்நேல் ல இது தாந் ஓதுது,,Style_Variation
Public opinion eppidi iruku?,How is the public opinion?,Pஉப்லிச் ஓபிநிஓந் ஏப்பிதி இருகு?,,Phonetic_Variation
Public opinion eppidi iruku?,How is the public opinion?,Pஉப்லிச் ஓபிநிஓந் ஏப்பிதி இருகு?,,Slang_Replacement
Public opinion eppidi iruku?,How is the public opinion?,Pஉப்லிச் ஓபிநிஓந் ஏப்பிதி இருகு?,,Lexical_Loan_Words
Public opinion eppidi iruku? please,How is the public opinion? (polite),Pஉப்லிச் ஓபிநிஓந் ஏப்பிதி இருகு?,,Style_Variation
Trud seekiram veliya varum,The truth will come out soon.,ட்ருத் ஸீகிரம் வேலிய வரும்,,Phonetic_Variation
Truth seekiram veliya varum,The truth will come out soon.,ட்ருத் ஸீகிரம் வேலிய வரும்,,Slang_Replacement
Truth seekiram veliya varum,The truth will come out soon.,ட்ருத் ஸீகிரம் வேலிய வரும்,,Lexical_Loan_Words
Truth seekiram veliya varum please,The truth will come out soon. (polite),ட்ருத் ஸீகிரம் வேலிய வரும்,,Style_Variation
Inniku night 8 maniku live iruka?,Is there a live session tonight at 8 PM?,ஈந்நிகு நிக்த் ௮ மநிகு லிவே இருக?,,Phonetic_Variation
Inniku night 8 maniku live iruka?,Is there a live session tonight at 8 PM?,ஈந்நிகு நிக்த் ௮ மநிகு லிவே இருக?,,Slang_Replacement
Inniku night 8 maniku live iruka?,Is there a live session tonight at 8 PM?,ஈந்நிகு நிக்த் ௮ மநிகு லிவே இருக?,,Lexical_Loan_Words
Inniku night 8 maniku live iruka? please,Is there a live session tonight at 8 PM? (polite),ஈந்நிகு நிக்த் ௮ மநிகு லிவே இருக?,,Style_Variation
Social media la idu daan trend,This is the trend on social media.,ஷோசிஅல் மேதிஅ ல இது தாந் த்ரேந்த்,,Phonetic_Variation
Social media la ithu thaan trend,This is the trend on social media.,ஷோசிஅல் மேதிஅ ல இது தாந் த்ரேந்த்,,Slang_Replacement
Social media la ithu thaan trend,This is the trend on social media.,ஷோசிஅல் மேதிஅ ல இது தாந் த்ரேந்த்,,Lexical_Loan_Words
Social media la ithu thaan trend please,This is the trend on social media. (polite),ஷோசிஅல் மேதிஅ ல இது தாந் த்ரேந்த்,,Style_Variation
Vibe aagudu inda song!,This song gives a good vibe!,Vஇபே ஆகுது இந்த ஸோந்க்!,,Phonetic_Variation
Vibe aaguthu intha song!,This song gives a good vibe!,Vஇபே ஆகுது இந்த ஸோந்க்!,,Slang_Replacement
Vibe aaguthu intha song!,This song gives a good vibe!,Vஇபே ஆகுது இந்த ஸோந்க்!,,Lexical_Loan_Words
Vibe aaguthu intha song! please,This song gives a good vibe! (polite),Vஇபே ஆகுது இந்த ஸோந்க்!,,Style_Variation
Enna bro sudden ah plan change panitinga?,"Why did you change the plan so suddenly, bro?",Eந்ந ப்ரோ ஸுத்தேந் அஹ் ப்லந் சந்கே பநிதிந்க?,,Phonetic_Variation
Enna nanba sudden ah plan change panitinga?,"Why did you change the plan so suddenly, bro?",Eந்ந ப்ரோ ஸுத்தேந் அஹ் ப்லந் சந்கே பநிதிந்க?,,Slang_Replacement
Enna bro sudden ah plan change panitinga?,"Why did you change the plan so suddenly, bro?",Eந்ந ப்ரோ ஸுத்தேந் அஹ் ப்லந் சந்கே பநிதிந்க?,,Lexical_Loan_Words
Enna bro sudden ah plan change panitinga? please,"Why did you change the plan so suddenly, bro? (polite)",Eந்ந ப்ரோ ஸுத்தேந் அஹ் ப்லந் சந்கே பநிதிந்க?,,Style_Variation
Inda update semma mass ah iruku.,This update is really mass.,ஈந்த உப்ததே ஸேம்ம மஸ்ஸ் அஹ் இருகு।,,Phonetic_Variation
Intha update semma mass ah iruku.,This update is really mass.,ஈந்த உப்ததே ஸேம்ம மஸ்ஸ் அஹ் இருகு।,,Slang_Replacement
Intha update semma mass ah iruku.,This update is really mass.,ஈந்த உப்ததே ஸேம்ம மஸ்ஸ் அஹ் இருகு।,,Lexical_Loan_Words
Intha update semma mass ah iruku. please,This update is really mass. (polite),ஈந்த உப்ததே ஸேம்ம மஸ்ஸ் அஹ் இருகு।,,Style_Variation
"Work load romba jasdi, stress ah iruku.","The work load is too much, it's stressful.","Wஓர்க் லோஅத் ரோம்ப ஜஸ்தி, ஸ்த்ரேஸ்ஸ் அஹ் இருகு।",,Phonetic_Variation
"Work load romba jastvanakkam, stress ah iruku.","The work load is too much, it's stressful.","Wஓர்க் லோஅத் ரோம்ப ஜஸ்தி, ஸ்த்ரேஸ்ஸ் அஹ் இருகு।",,Slang_Replacement
"Work load romba jasthi, stress ah iruku.","The work load is too much, it's stressful.","Wஓர்க் லோஅத் ரோம்ப ஜஸ்தி, ஸ்த்ரேஸ்ஸ் அஹ் இருகு।",,Lexical_Loan_Words
"Work load romba jasthi, stress ah iruku. please","The work load is too much, it's stressful. (polite)","Wஓர்க் லோஅத் ரோம்ப ஜஸ்தி, ஸ்த்ரேஸ்ஸ் அஹ் இருகு।",,Style_Variation
Lunch ku enna menu innaiku?,What's the menu for lunch today?,ளுந்ச் கு ஏந்ந மேநு இந்நைகு?,,Phonetic_Variation
Lunch ku enna menu innaiku?,What's the menu for lunch today?,ளுந்ச் கு ஏந்ந மேநு இந்நைகு?,,Slang_Replacement
Lunch ku enna menu innaiku?,What's the menu for lunch today?,ளுந்ச் கு ஏந்ந மேநு இந்நைகு?,,Lexical_Loan_Words
Lunch ku enna menu innaiku? please,What's the menu for lunch today? (polite),ளுந்ச் கு ஏந்ந மேநு இந்நைகு?,,Style_Variation
Tomorrow leave ah bro ungaluku?,"Is tomorrow a holiday for you, bro?",டோமோர்ரோவ் லேஅவே அஹ் ப்ரோ உந்கலுகு?,,Phonetic_Variation
Tomorrow leave ah nanba ungaluku?,"Is tomorrow a holiday for you, bro?",டோமோர்ரோவ் லேஅவே அஹ் ப்ரோ உந்கலுகு?,,Slang_Replacement
Tomorrow leave ah bro ungaluku?,"Is tomorrow a holiday for you, bro?",டோமோர்ரோவ் லேஅவே அஹ் ப்ரோ உந்கலுகு?,,Lexical_Loan_Words
Tomorrow leave ah bro ungaluku? please,"Is tomorrow a holiday for you, bro? (polite)",டோமோர்ரோவ் லேஅவே அஹ் ப்ரோ உந்கலுகு?,,Style_Variation
Inda hotel la food quality nala iruku,The food quality is good in this hotel.,ஈந்த ஹோதேல் ல ஃபூத் ஃ'குஅலித்ய் நல்ல இருகு,,Phonetic_Variation
Intha hotel la food quality nalla iruku,The food quality is good in this hotel.,ஈந்த ஹோதேல் ல ஃபூத் ஃ'குஅலித்ய் நல்ல இருகு,,Slang_Replacement
Intha hotel la food quality nalla iruku,The food quality is good in this hotel.,ஈந்த ஹோதேல் ல ஃபூத் ஃ'குஅலித்ய் நல்ல இருகு,,Lexical_Loan_Words
Intha hotel la food quality nalla iruku please,The food quality is good in this hotel. (polite),ஈந்த ஹோதேல் ல ஃபூத் ஃ'குஅலித்ய் நல்ல இருகு,,Style_Variation
Online orders romba late aagudu,Online orders are getting very late.,Oந்லிநே ஓர்தேர்ஸ் ரோம்ப லதே ஆகுது,,Phonetic_Variation
Online orders romba late aaguthu,Online orders are getting very late.,Oந்லிநே ஓர்தேர்ஸ் ரோம்ப லதே ஆகுது,,Slang_Replacement
Online orders romba late aaguthu,Online orders are getting very late.,Oந்லிநே ஓர்தேர்ஸ் ரோம்ப லதே ஆகுது,,Lexical_Loan_Words
Online orders romba late aaguthu please,Online orders are getting very late. (polite),Oந்லிநே ஓர்தேர்ஸ் ரோம்ப லதே ஆகுது,,Style_Variation
Google maps la route wrong ah kaatudu,Google Maps is showing the wrong route.,ஃக³ூக்லே மப்ஸ் ல ரோஉதே வ்ரோந்க் அஹ் காதுது,,Phonetic_Variation
Google maps la route wrong ah kaatuthu,Google Maps is showing the wrong route.,ஃக³ூக்லே மப்ஸ் ல ரோஉதே வ்ரோந்க் அஹ் காதுது,,Slang_Replacement
Google maps la route wrong ah kaatuthu,Google Maps is showing the wrong route.,ஃக³ூக்லே மப்ஸ் ல ரோஉதே வ்ரோந்க் அஹ் காதுது,,Lexical_Loan_Words
Google maps la route wrong ah kaatuthu please,Google Maps is showing the wrong route. (polite),ஃக³ூக்லே மப்ஸ் ல ரோஉதே வ்ரோந்க் அஹ் காதுது,,Style_Variation
Enaku konjam help panna mudiyuma?,Can you help me a bit?,Eநகு கோந்ஜம் ஹேல்ப் பந்ந முதியும?,,Phonetic_Variation
Enaku konjam help panna mudiyuma?,Can you help me a bit?,Eநகு கோந்ஜம் ஹேல்ப் பந்ந முதியும?,,Slang_Replacement
Enaku konjam help panna mudiyuma?,Can you help me a bit?,Eநகு கோந்ஜம் ஹேல்ப் பந்ந முதியும?,,Lexical_Loan_Words
Enaku konjam help panna mudiyuma? please,Can you help me a bit? (polite),Eநகு கோந்ஜம் ஹேல்ப் பந்ந முதியும?,,Style_Variation
Inda project work mudika innum 2 days aagum.,It will take 2 more days to finish this project work.,ஈந்த ப்ரோஜேச்த் வோர்க் முதிக இந்நும் ௨ தய்ஸ் ஆகும்।,,Phonetic_Variation
Intha project work mudika innum 2 days aagum.,It will take 2 more days to finish this project work.,ஈந்த ப்ரோஜேச்த் வோர்க் முதிக இந்நும் ௨ தய்ஸ் ஆகும்।,,Slang_Replacement
Intha project work mudika innum 2 days aagum.,It will take 2 more days to finish this project work.,ஈந்த ப்ரோஜேச்த் வோர்க் முதிக இந்நும் ௨ தய்ஸ் ஆகும்।,,Lexical_Loan_Words
Intha project work mudika innum 2 days aagum. please,It will take 2 more days to finish this project work. (polite),ஈந்த ப்ரோஜேச்த் வோர்க் முதிக இந்நும் ௨ தய்ஸ் ஆகும்।,,Style_Variation
"Bike service ku vuturuken, evening daan kidaikum.","I have left my bike for service, I will get it only in the evening.","Bஇகே ஸேர்விசே கு வுதுருகேந், ஏவேநிந்க் தாந் கிதைகும்।",,Phonetic_Variation
"Bike service ku vuturuken, evening thaan kidaikum.","I have left my bike for service, I will get it only in the evening.","Bஇகே ஸேர்விசே கு வுதுருகேந், ஏவேநிந்க் தாந் கிதைகும்।",,Slang_Replacement
"Bike service ku vuturuken, evening thaan kidaikum.","I have left my bike for service, I will get it only in the evening.","Bஇகே ஸேர்விசே கு வுதுருகேந், ஏவேநிந்க் தாந் கிதைகும்।",,Lexical_Loan_Words
"Bike service ku vuturuken, evening thaan kidaikum. please","I have left my bike for service, I will get it only in the evening. (polite)","Bஇகே ஸேர்விசே கு வுதுருகேந், ஏவேநிந்க் தாந் கிதைகும்।",,Style_Variation
Inda project work mudika innum 2 days aagum.,It will take 2 more days to finish this project work.,ஈந்த ப்ரோஜேச்த் வோர்க் முதிக இந்நும் ௨ தய்ஸ் ஆகும்।,,Phonetic_Variation
Intha project work mudika innum 2 days aagum.,It will take 2 more days to finish this project work.,ஈந்த ப்ரோஜேச்த் வோர்க் முதிக இந்நும் ௨ தய்ஸ் ஆகும்।,,Slang_Replacement
Intha project work mudika innum 2 days aagum.,It will take 2 more days to finish this project work.,ஈந்த ப்ரோஜேச்த் வோர்க் முதிக இந்நும் ௨ தய்ஸ் ஆகும்।,,Lexical_Loan_Words
Intha project work mudika innum 2 days aagum. please,It will take 2 more days to finish this project work. (polite),ஈந்த ப்ரோஜேச்த் வோர்க் முதிக இந்நும் ௨ தய்ஸ் ஆகும்।,,Style_Variation
"Bike service ku vuturuken, evening daan kidaikum.","I have left my bike for service, I will get it only in the evening.","Bஇகே ஸேர்விசே கு வுதுருகேந், ஏவேநிந்க் தாந் கிதைகும்।",,Phonetic_Variation
"Bike service ku vuturuken, evening thaan kidaikum.","I have left my bike for service, I will get it only in the evening.","Bஇகே ஸேர்விசே கு வுதுருகேந், ஏவேநிந்க் தாந் கிதைகும்।",,Slang_Replacement
"Bike service ku vuturuken, evening thaan kidaikum.","I have left my bike for service, I will get it only in the evening.","Bஇகே ஸேர்விசே கு வுதுருகேந், ஏவேநிந்க் தாந் கிதைகும்।",,Lexical_Loan_Words
"Bike service ku vuturuken, evening thaan kidaikum. please","I have left my bike for service, I will get it only in the evening. (polite)","Bஇகே ஸேர்விசே கு வுதுருகேந், ஏவேநிந்க் தாந் கிதைகும்।",,Style_Variation
"Current cut aayiduchi, fan kuda odala.","The power went out, even the fan isn't working.","சுர்ரேந்த் சுத் ஆயிதுசி, ஃபந் குத ஓதல।",,Phonetic_Variation
"Current cut aayiducvanakkam, fan kuda odala.","The power went out, even the fan isn't working.","சுர்ரேந்த் சுத் ஆயிதுசி, ஃபந் குத ஓதல।",,Slang_Replacement
"Current cut aayiduchi, fan kuda odala.","The power went out, even the fan isn't working.","சுர்ரேந்த் சுத் ஆயிதுசி, ஃபந் குத ஓதல।",,Lexical_Loan_Words
"Current cut aayiduchi, fan kuda odala. please","The power went out, even the fan isn't working. (polite)","சுர்ரேந்த் சுத் ஆயிதுசி, ஃபந் குத ஓதல।",,Style_Variation
"Inniku office la romba tension, manager dittite irukaru.","Too much tension at the office today, the manager keeps scolding.","ஈந்நிகு ஓஃப்ஃபிசே ல ரோம்ப தேந்ஸிஓந், மநகேர் தித்திதே இருகரு।",,Phonetic_Variation
"Inniku office la romba tension, manager tvanakkamttite irukaru.","Too much tension at the office today, the manager keeps scolding.","ஈந்நிகு ஓஃப்ஃபிசே ல ரோம்ப தேந்ஸிஓந், மநகேர் தித்திதே இருகரு।",,Slang_Replacement
"Inniku office la romba angry, manager thittite irukaru.","Too much tension at the office today, the manager keeps scolding.","ஈந்நிகு ஓஃப்ஃபிசே ல ரோம்ப தேந்ஸிஓந், மநகேர் தித்திதே இருகரு।",,Lexical_Loan_Words
"Inniku office la romba tension, manager thittite irukaru. please","Too much tension at the office today, the manager keeps scolding. (polite)","ஈந்நிகு ஓஃப்ஃபிசே ல ரோம்ப தேந்ஸிஓந், மநகேர் தித்திதே இருகரு।",,Style_Variation
"Amazon prime la pudu movie vanduruku, paadiya?","A new movie has come out on Amazon Prime, did you watch it?","ஆமஃஜோந் ப்ரிமே ல புது மோவிஏ வந்துருகு, பாதிய?",,Phonetic_Variation
"Amazon prime la puthu movie vanthuruku, paatvanakkamya?","A new movie has come out on Amazon Prime, did you watch it?","ஆமஃஜோந் ப்ரிமே ல புது மோவிஏ வந்துருகு, பாதிய?",,Slang_Replacement
"Amazon prime la puthu movie vanthuruku, paathiya?","A new movie has come out on Amazon Prime, did you watch it?","ஆமஃஜோந் ப்ரிமே ல புது மோவிஏ வந்துருகு, பாதிய?",,Lexical_Loan_Words
"Amazon prime la puthu movie vanthuruku, paathiya? please","A new movie has come out on Amazon Prime, did you watch it? (polite)","ஆமஃஜோந் ப்ரிமே ல புது மோவிஏ வந்துருகு, பாதிய?",,Style_Variation
"Signal kidaikala, voice break aagudu.","I'm not getting signal, your voice is breaking.","ஷிக்நல் கிதைகல, வோஇசே ப்ரேஅக் ஆகுது।",,Phonetic_Variation
"Signal kidaikala, voice break aaguthu.","I'm not getting signal, your voice is breaking.","ஷிக்நல் கிதைகல, வோஇசே ப்ரேஅக் ஆகுது।",,Slang_Replacement
"Signal kidaikala, voice break aaguthu.","I'm not getting signal, your voice is breaking.","ஷிக்நல் கிதைகல, வோஇசே ப்ரேஅக் ஆகுது।",,Lexical_Loan_Words
"Signal kidaikala, voice break aaguthu. please","I'm not getting signal, your voice is breaking. (polite)","ஷிக்நல் கிதைகல, வோஇசே ப்ரேஅக் ஆகுது।",,Style_Variation
Meeting eppo start aagum nu notification varala.,I didn't get a notification about when the meeting starts.,ம்ஈதிந்க் ஏப்போ ஸ்தர்த் ஆகும் நு நோதிஃபிசதிஓந் வரல।,,Phonetic_Variation
Meeting eppo start aagum nu notification varala.,I didn't get a notification about when the meeting starts.,ம்ஈதிந்க் ஏப்போ ஸ்தர்த் ஆகும் நு நோதிஃபிசதிஓந் வரல।,,Slang_Replacement
Meeting eppo start aagum nu notification varala.,I didn't get a notification about when the meeting starts.,ம்ஈதிந்க் ஏப்போ ஸ்தர்த் ஆகும் நு நோதிஃபிசதிஓந் வரல।,,Lexical_Loan_Words
Meeting eppo start aagum nu notification varala. please,I didn't get a notification about when the meeting starts. (polite),ம்ஈதிந்க் ஏப்போ ஸ்தர்த் ஆகும் நு நோதிஃபிசதிஓந் வரல।,,Style_Variation
Oru nala laptop suggest pannunga bro.,"Please suggest a good laptop, bro.",Oரு நல்ல லப்தோப் ஸுக்கேஸ்த் பந்நுந்க ப்ரோ।,,Phonetic_Variation
Oru nalla laptop suggest pannunga nanba.,"Please suggest a good laptop, bro.",Oரு நல்ல லப்தோப் ஸுக்கேஸ்த் பந்நுந்க ப்ரோ।,,Slang_Replacement
Oru nalla laptop suggest pannunga bro.,"Please suggest a good laptop, bro.",Oரு நல்ல லப்தோப் ஸுக்கேஸ்த் பந்நுந்க ப்ரோ।,,Lexical_Loan_Words
Oru nalla laptop suggest pannunga bro. please,"Please suggest a good laptop, bro. (polite)",Oரு நல்ல லப்தோப் ஸுக்கேஸ்த் பந்நுந்க ப்ரோ।,,Style_Variation
Inda dress unaku nala suit aagudu.,This dress suits you well.,ஈந்த த்ரேஸ்ஸ் உநகு நல்ல ஸுஇத் ஆகுது।,,Phonetic_Variation
Intha dress unaku nalla suit aaguthu.,This dress suits you well.,ஈந்த த்ரேஸ்ஸ் உநகு நல்ல ஸுஇத் ஆகுது।,,Slang_Replacement
Intha dress unaku nalla suit aaguthu.,This dress suits you well.,ஈந்த த்ரேஸ்ஸ் உநகு நல்ல ஸுஇத் ஆகுது।,,Lexical_Loan_Words
Intha dress unaku nalla suit aaguthu. please,This dress suits you well. (polite),ஈந்த த்ரேஸ்ஸ் உநகு நல்ல ஸுஇத் ஆகுது।,,Style_Variation
Exam results padu romba happy ah iruken.,I am very happy after seeing the exam results.,Eக்ஷம் ரேஸுல்த்ஸ் பது ரோம்ப ஹப்ப்ய் அஹ் இருகேந்।,,Phonetic_Variation
Exam results pathu romba happy ah iruken.,I am very happy after seeing the exam results.,Eக்ஷம் ரேஸுல்த்ஸ் பது ரோம்ப ஹப்ப்ய் அஹ் இருகேந்।,,Slang_Replacement
Exam results pathu romba happy ah iruken.,I am very happy after seeing the exam results.,Eக்ஷம் ரேஸுல்த்ஸ் பது ரோம்ப ஹப்ப்ய் அஹ் இருகேந்।,,Lexical_Loan_Words
Exam results pathu romba happy ah iruken. please,I am very happy after seeing the exam results. (polite),Eக்ஷம் ரேஸுல்த்ஸ் பது ரோம்ப ஹப்ப்ய் அஹ் இருகேந்।,,Style_Variation
Bus stand ku eppidi ponum nu solu.,Tell me how to go to the bus stand.,Bஉஸ் ஸ்தந்த் கு ஏப்பிதி போநும் நு ஸோல்லு।,,Phonetic_Variation
Bus stand ku eppidi ponum nu sollu.,Tell me how to go to the bus stand.,Bஉஸ் ஸ்தந்த் கு ஏப்பிதி போநும் நு ஸோல்லு।,,Slang_Replacement
Bus stand ku eppidi ponum nu sollu.,Tell me how to go to the bus stand.,Bஉஸ் ஸ்தந்த் கு ஏப்பிதி போநும் நு ஸோல்லு।,,Lexical_Loan_Words
Bus stand ku eppidi ponum nu sollu. please,Tell me how to go to the bus stand. (polite),Bஉஸ் ஸ்தந்த் கு ஏப்பிதி போநும் நு ஸோல்லு।,,Style_Variation
Inniku dinner ku veliya polama?,Shall we go out for dinner today?,ஈந்நிகு திந்நேர் கு வேலிய போலம?,,Phonetic_Variation
Inniku dinner ku veliya polama?,Shall we go out for dinner today?,ஈந்நிகு திந்நேர் கு வேலிய போலம?,,Slang_Replacement
Inniku dinner ku veliya polama?,Shall we go out for dinner today?,ஈந்நிகு திந்நேர் கு வேலிய போலம?,,Lexical_Loan_Words
Inniku dinner ku veliya polama? please,Shall we go out for dinner today? (polite),ஈந்நிகு திந்நேர் கு வேலிய போலம?,,Style_Variation
"Paytm la money send panniten, check panniko.","I sent the money via Paytm, please check it.","Pஅய்த்ம் ல மோநேய் ஸேந்த் பந்நிதேந், சேச்க் பந்நிகோ।",,Phonetic_Variation
"Paytm la money send panniten, check panniko.","I sent the money via Paytm, please check it.","Pஅய்த்ம் ல மோநேய் ஸேந்த் பந்நிதேந், சேச்க் பந்நிகோ।",,Slang_Replacement
"Paytm la money send panniten, check panniko.","I sent the money via Paytm, please check it.","Pஅய்த்ம் ல மோநேய் ஸேந்த் பந்நிதேந், சேச்க் பந்நிகோ।",,Lexical_Loan_Words
"Paytm la money send panniten, check panniko. please","I sent the money via Paytm, please check it. (polite)","Pஅய்த்ம் ல மோநேய் ஸேந்த் பந்நிதேந், சேச்க் பந்நிகோ।",,Style_Variation
Inda mobile camera quality semmaya iruku.,This mobile camera quality is awesome.,ஈந்த மோபிலே சமேர ஃ'குஅலித்ய் ஸேம்மய இருகு।,,Phonetic_Variation
Intha mobile camera quality semmaya iruku.,This mobile camera quality is awesome.,ஈந்த மோபிலே சமேர ஃ'குஅலித்ய் ஸேம்மய இருகு।,,Slang_Replacement
Intha mobile camera quality semmaya iruku.,This mobile camera quality is awesome.,ஈந்த மோபிலே சமேர ஃ'குஅலித்ய் ஸேம்மய இருகு।,,Lexical_Loan_Words
Intha mobile camera quality semmaya iruku. please,This mobile camera quality is awesome. (polite),ஈந்த மோபிலே சமேர ஃ'குஅலித்ய் ஸேம்மய இருகு।,,Style_Variation
"Traffic la maatikiten, 10 mins late aagum.","I'm stuck in traffic, I'll be 10 minutes late.","ட்ரஃப்ஃபிச் ல மாதிகிதேந், ௧௦ மிந்ஸ் லதே ஆகும்।",,Phonetic_Variation
"Traffic la maatikiten, 10 mins late aagum.","I'm stuck in traffic, I'll be 10 minutes late.","ட்ரஃப்ஃபிச் ல மாதிகிதேந், ௧௦ மிந்ஸ் லதே ஆகும்।",,Slang_Replacement
"Traffic la maatikiten, 10 mins late aagum.","I'm stuck in traffic, I'll be 10 minutes late.","ட்ரஃப்ஃபிச் ல மாதிகிதேந், ௧௦ மிந்ஸ் லதே ஆகும்।",,Lexical_Loan_Words
"Traffic la maatikiten, 10 mins late aagum. please","I'm stuck in traffic, I'll be 10 minutes late. (polite)","ட்ரஃப்ஃபிச் ல மாதிகிதேந், ௧௦ மிந்ஸ் லதே ஆகும்।",,Style_Variation
Nedu match la Dhoni performance vera level.,Dhoni's performance in yesterday's match was on another level.,ணேது மத்ச் ல டோநி பேர்ஃபோர்மந்சே வேர லேவேல்।,,Phonetic_Variation
Nethu match la Dhoni performance vera level.,Dhoni's performance in yesterday's match was on another level.,ணேது மத்ச் ல டோநி பேர்ஃபோர்மந்சே வேர லேவேல்।,,Slang_Replacement
Nethu match la Dhoni performance super.,Dhoni's performance in yesterday's match was on another level.,ணேது மத்ச் ல டோநி பேர்ஃபோர்மந்சே வேர லேவேல்।,,Lexical_Loan_Words
Nethu match la Dhoni performance vera level. please,Dhoni's performance in yesterday's match was on another level. (polite),ணேது மத்ச் ல டோநி பேர்ஃபோர்மந்சே வேர லேவேல்।,,Style_Variation
Inda area la house rent romba high.,House rent is very high in this area.,ஈந்த அரேஅ ல ஹோஉஸே ரேந்த் ரோம்ப ஹிக்।,,Phonetic_Variation
Intha area la house rent romba vanakkamgh.,House rent is very high in this area.,ஈந்த அரேஅ ல ஹோஉஸே ரேந்த் ரோம்ப ஹிக்।,,Slang_Replacement
Intha area la house rent romba high.,House rent is very high in this area.,ஈந்த அரேஅ ல ஹோஉஸே ரேந்த் ரோம்ப ஹிக்।,,Lexical_Loan_Words
Intha area la house rent romba high. please,House rent is very high in this area. (polite),ஈந்த அரேஅ ல ஹோஉஸே ரேந்த் ரோம்ப ஹிக்।,,Style_Variation
Doctor appointment 6 maniku fix panniruken.,I have fixed the doctor's appointment for 6 PM.,டோச்தோர் அப்போஇந்த்மேந்த் ௬ மநிகு ஃபிக்ஷ் பந்நிருகேந்।,,Phonetic_Variation
Doctor appointment 6 maniku fix panniruken.,I have fixed the doctor's appointment for 6 PM.,டோச்தோர் அப்போஇந்த்மேந்த் ௬ மநிகு ஃபிக்ஷ் பந்நிருகேந்।,,Slang_Replacement
Doctor appointment 6 maniku fix panniruken.,I have fixed the doctor's appointment for 6 PM.,டோச்தோர் அப்போஇந்த்மேந்த் ௬ மநிகு ஃபிக்ஷ் பந்நிருகேந்।,,Lexical_Loan_Words
Doctor appointment 6 maniku fix panniruken. please,I have fixed the doctor's appointment for 6 PM. (polite),டோச்தோர் அப்போஇந்த்மேந்த் ௬ மநிகு ஃபிக்ஷ் பந்நிருகேந்।,,Style_Variation
Colege admission fees eppo pay pannanum?,When should the college admission fees be paid?,சோல்லேகே அத்மிஸ்ஸிஓந் ஃபீஸ் ஏப்போ பய் பந்நநும்?,,Phonetic_Variation
College admission fees eppo pay pannaanum?,When should the college admission fees be paid?,சோல்லேகே அத்மிஸ்ஸிஓந் ஃபீஸ் ஏப்போ பய் பந்நநும்?,,Slang_Replacement
College admission fees eppo pay pannanum?,When should the college admission fees be paid?,சோல்லேகே அத்மிஸ்ஸிஓந் ஃபீஸ் ஏப்போ பய் பந்நநும்?,,Lexical_Loan_Words
College admission fees eppo pay pannanum? please,When should the college admission fees be paid? (polite),சோல்லேகே அத்மிஸ்ஸிஓந் ஃபீஸ் ஏப்போ பய் பந்நநும்?,,Style_Variation
Inda food romba spicy ah iruku.,This food is very spicy.,ஈந்த ஃபூத் ரோம்ப ஸ்பிச்ய் அஹ் இருகு।,,Phonetic_Variation
Intha food romba spicy ah iruku.,This food is very spicy.,ஈந்த ஃபூத் ரோம்ப ஸ்பிச்ய் அஹ் இருகு।,,Slang_Replacement
Intha food romba spicy ah iruku.,This food is very spicy.,ஈந்த ஃபூத் ரோம்ப ஸ்பிச்ய் அஹ் இருகு।,,Lexical_Loan_Words
Intha food romba spicy ah iruku. please,This food is very spicy. (polite),ஈந்த ஃபூத் ரோம்ப ஸ்பிச்ய் அஹ் இருகு।,,Style_Variation
Flight ticket rate sudden ah eariiduchi.,Flight ticket rates increased suddenly.,Fலிக்த் திச்கேத் ரதே ஸுத்தேந் அஹ் ஏஅரீதுசி।,,Phonetic_Variation
Flight ticket rate sudden ah eariiducvanakkam.,Flight ticket rates increased suddenly.,Fலிக்த் திச்கேத் ரதே ஸுத்தேந் அஹ் ஏஅரீதுசி।,,Slang_Replacement
Flight ticket rate sudden ah eariiduchi.,Flight ticket rates increased suddenly.,Fலிக்த் திச்கேத் ரதே ஸுத்தேந் அஹ் ஏஅரீதுசி।,,Lexical_Loan_Words
Flight ticket rate sudden ah eariiduchi. please,Flight ticket rates increased suddenly. (polite),Fலிக்த் திச்கேத் ரதே ஸுத்தேந் அஹ் ஏஅரீதுசி।,,Style_Variation
"System hang aagudu, restart pannanum.","The system is hanging, I need to restart it.","ஷ்ய்ஸ்தேம் ஹந்க் ஆகுது, ரேஸ்தர்த் பந்நநும்।",,Phonetic_Variation
"System hang aaguthu, restart pannaanum.","The system is hanging, I need to restart it.","ஷ்ய்ஸ்தேம் ஹந்க் ஆகுது, ரேஸ்தர்த் பந்நநும்।",,Slang_Replacement
"System hang aaguthu, restart pannanum.","The system is hanging, I need to restart it.","ஷ்ய்ஸ்தேம் ஹந்க் ஆகுது, ரேஸ்தர்த் பந்நநும்।",,Lexical_Loan_Words
"System hang aaguthu, restart pannanum. please","The system is hanging, I need to restart it. (polite)","ஷ்ய்ஸ்தேம் ஹந்க் ஆகுது, ரேஸ்தர்த் பந்நநும்।",,Style_Variation
Inniku climate romba cool ah iruku.,The climate is very cool today.,ஈந்நிகு ச்லிமதே ரோம்ப சூல் அஹ் இருகு।,,Phonetic_Variation
Inniku climate romba cool ah iruku.,The climate is very cool today.,ஈந்நிகு ச்லிமதே ரோம்ப சூல் அஹ் இருகு।,,Slang_Replacement
Inniku climate romba cool ah iruku.,The climate is very cool today.,ஈந்நிகு ச்லிமதே ரோம்ப சூல் அஹ் இருகு।,,Lexical_Loan_Words
Inniku climate romba cool ah iruku. please,The climate is very cool today. (polite),ஈந்நிகு ச்லிமதே ரோம்ப சூல் அஹ் இருகு।,,Style_Variation
Birdday party ku elarayum invite panniya?,Did you invite everyone to the birthday party?,Bஇர்த்தய் பர்த்ய் கு ஏல்லரயும் இந்விதே பந்நிய?,,Phonetic_Variation
Birthday party ku ellarayum invite panniya?,Did you invite everyone to the birthday party?,Bஇர்த்தய் பர்த்ய் கு ஏல்லரயும் இந்விதே பந்நிய?,,Slang_Replacement
Birthday party ku ellarayum invite panniya?,Did you invite everyone to the birthday party?,Bஇர்த்தய் பர்த்ய் கு ஏல்லரயும் இந்விதே பந்நிய?,,Lexical_Loan_Words
Birthday party ku ellarayum invite panniya? please,Did you invite everyone to the birthday party? (polite),Bஇர்த்தய் பர்த்ய் கு ஏல்லரயும் இந்விதே பந்நிய?,,Style_Variation
Inda song loop la kettu iruken.,I've been listening to this song on loop.,ஈந்த ஸோந்க் லூப் ல கேத்து இருகேந்।,,Phonetic_Variation
Intha song loop la kettu iruken.,I've been listening to this song on loop.,ஈந்த ஸோந்க் லூப் ல கேத்து இருகேந்।,,Slang_Replacement
Intha song loop la kettu iruken.,I've been listening to this song on loop.,ஈந்த ஸோந்க் லூப் ல கேத்து இருகேந்।,,Lexical_Loan_Words
Intha song loop la kettu iruken. please,I've been listening to this song on loop. (polite),ஈந்த ஸோந்க் லூப் ல கேத்து இருகேந்।,,Style_Variation
Salary innum credit aagala bro.,"The salary hasn't been credited yet, bro.",ஷலர்ய் இந்நும் ச்ரேதித் ஆகல ப்ரோ।,,Phonetic_Variation
Salary innum credit aagala nanba.,"The salary hasn't been credited yet, bro.",ஷலர்ய் இந்நும் ச்ரேதித் ஆகல ப்ரோ।,,Slang_Replacement
Salary innum credit aagala bro.,"The salary hasn't been credited yet, bro.",ஷலர்ய் இந்நும் ச்ரேதித் ஆகல ப்ரோ।,,Lexical_Loan_Words
Salary innum credit aagala bro. please,"The salary hasn't been credited yet, bro. (polite)",ஷலர்ய் இந்நும் ச்ரேதித் ஆகல ப்ரோ।,,Style_Variation
Gym ku poga start pannanum.,I need to start going to the gym.,ஃக³்ய்ம் கு போக ஸ்தர்த் பந்நநும்।,,Phonetic_Variation
Gym ku poga start pannaanum.,I need to start going to the gym.,ஃக³்ய்ம் கு போக ஸ்தர்த் பந்நநும்।,,Slang_Replacement
Gym ku poga start pannanum.,I need to start going to the gym.,ஃக³்ய்ம் கு போக ஸ்தர்த் பந்நநும்।,,Lexical_Loan_Words
Gym ku poga start pannanum. please,I need to start going to the gym. (polite),ஃக³்ய்ம் கு போக ஸ்தர்த் பந்நநும்।,,Style_Variation
Inda book romba interesting ah iruku.,This book is very interesting.,ஈந்த பூக் ரோம்ப இந்தேரேஸ்திந்க் அஹ் இருகு।,,Phonetic_Variation
Intha book romba interesting ah iruku.,This book is very interesting.,ஈந்த பூக் ரோம்ப இந்தேரேஸ்திந்க் அஹ் இருகு।,,Slang_Replacement
Intha book romba interesting ah iruku.,This book is very interesting.,ஈந்த பூக் ரோம்ப இந்தேரேஸ்திந்க் அஹ் இருகு।,,Lexical_Loan_Words
Intha book romba interesting ah iruku. please,This book is very interesting. (polite),ஈந்த பூக் ரோம்ப இந்தேரேஸ்திந்க் அஹ் இருகு।,,Style_Variation
Water bottle edudutu vara maranduten.,I forgot to bring the water bottle.,Wஅதேர் போத்த்லே ஏதுதுது வர மரந்துதேந்।,,Phonetic_Variation
Water bottle eduthutu vara maranthuten.,I forgot to bring the water bottle.,Wஅதேர் போத்த்லே ஏதுதுது வர மரந்துதேந்।,,Slang_Replacement
Water bottle eduthutu vara maranthuten.,I forgot to bring the water bottle.,Wஅதேர் போத்த்லே ஏதுதுது வர மரந்துதேந்।,,Lexical_Loan_Words
Water bottle eduthutu vara maranthuten. please,I forgot to bring the water bottle. (polite),Wஅதேர் போத்த்லே ஏதுதுது வர மரந்துதேந்।,,Style_Variation
Shift timing change aayiduchi.,The shift timing has changed.,ஷிஃப்த் திமிந்க் சந்கே ஆயிதுசி।,,Phonetic_Variation
Svanakkamft timing change aayiducvanakkam.,The shift timing has changed.,ஷிஃப்த் திமிந்க் சந்கே ஆயிதுசி।,,Slang_Replacement
Shift timing change aayiduchi.,The shift timing has changed.,ஷிஃப்த் திமிந்க் சந்கே ஆயிதுசி।,,Lexical_Loan_Words
Shift timing change aayiduchi. please,The shift timing has changed. (polite),ஷிஃப்த் திமிந்க் சந்கே ஆயிதுசி।,,Style_Variation
Mobile recharge panna maranduten.,I forgot to recharge my mobile.,ம்ஓபிலே ரேசர்கே பந்ந மரந்துதேந்।,,Phonetic_Variation
Mobile recharge panna maranthuten.,I forgot to recharge my mobile.,ம்ஓபிலே ரேசர்கே பந்ந மரந்துதேந்।,,Slang_Replacement
Mobile recharge panna maranthuten.,I forgot to recharge my mobile.,ம்ஓபிலே ரேசர்கே பந்ந மரந்துதேந்।,,Lexical_Loan_Words
Mobile recharge panna maranthuten. please,I forgot to recharge my mobile. (polite),ம்ஓபிலே ரேசர்கே பந்ந மரந்துதேந்।,,Style_Variation
Inda laptop battery backup nala iruku.,This laptop's battery backup is good.,ஈந்த லப்தோப் பத்தேர்ய் பச்குப் நல்ல இருகு।,,Phonetic_Variation
Intha laptop battery backup nalla iruku.,This laptop's battery backup is good.,ஈந்த லப்தோப் பத்தேர்ய் பச்குப் நல்ல இருகு।,,Slang_Replacement
Intha laptop battery backup nalla iruku.,This laptop's battery backup is good.,ஈந்த லப்தோப் பத்தேர்ய் பச்குப் நல்ல இருகு।,,Lexical_Loan_Words
Intha laptop battery backup nalla iruku. please,This laptop's battery backup is good. (polite),ஈந்த லப்தோப் பத்தேர்ய் பச்குப் நல்ல இருகு।,,Style_Variation
Interview eppo nu mail vanduchi.,I received a mail about when the interview is.,ஈந்தேர்விஏவ் ஏப்போ நு மைல் வந்துசி।,,Phonetic_Variation
Interview eppo nu mail vanthucvanakkam.,I received a mail about when the interview is.,ஈந்தேர்விஏவ் ஏப்போ நு மைல் வந்துசி।,,Slang_Replacement
Interview eppo nu mail vanthuchi.,I received a mail about when the interview is.,ஈந்தேர்விஏவ் ஏப்போ நு மைல் வந்துசி।,,Lexical_Loan_Words
Interview eppo nu mail vanthuchi. please,I received a mail about when the interview is. (polite),ஈந்தேர்விஏவ் ஏப்போ நு மைல் வந்துசி।,,Style_Variation
Movie ticket online la book panniya?,Did you book the movie ticket online?,ம்ஓவிஏ திச்கேத் ஓந்லிநே ல பூக் பந்நிய?,,Phonetic_Variation
Movie ticket online la book panniya?,Did you book the movie ticket online?,ம்ஓவிஏ திச்கேத் ஓந்லிநே ல பூக் பந்நிய?,,Slang_Replacement
Movie ticket online la book panniya?,Did you book the movie ticket online?,ம்ஓவிஏ திச்கேத் ஓந்லிநே ல பூக் பந்நிய?,,Lexical_Loan_Words
Movie ticket online la book panniya? please,Did you book the movie ticket online? (polite),ம்ஓவிஏ திச்கேத் ஓந்லிநே ல பூக் பந்நிய?,,Style_Variation
Inniku lunch box pack panna time ila.,There was no time to pack the lunch box today.,ஈந்நிகு லுந்ச் போக்ஷ் பச்க் பந்ந திமே இல்ல।,,Phonetic_Variation
Inniku lunch box pack panna time illa.,There was no time to pack the lunch box today.,ஈந்நிகு லுந்ச் போக்ஷ் பச்க் பந்ந திமே இல்ல।,,Slang_Replacement
Inniku lunch box pack panna time illa.,There was no time to pack the lunch box today.,ஈந்நிகு லுந்ச் போக்ஷ் பச்க் பந்ந திமே இல்ல।,,Lexical_Loan_Words
Inniku lunch box pack panna time illa. please,There was no time to pack the lunch box today. (polite),ஈந்நிகு லுந்ச் போக்ஷ் பச்க் பந்ந திமே இல்ல।,,Style_Variation
Heavy rain nala match cancel aayiduchi.,The match was cancelled due to heavy rain.,ஃஏஅவ்ய் ரைந் நல மத்ச் சந்சேல் ஆயிதுசி।,,Phonetic_Variation
Heavy rain nala match cancel aayiducvanakkam.,The match was cancelled due to heavy rain.,ஃஏஅவ்ய் ரைந் நல மத்ச் சந்சேல் ஆயிதுசி।,,Slang_Replacement
Heavy rain nala match cancel aayiduchi.,The match was cancelled due to heavy rain.,ஃஏஅவ்ய் ரைந் நல மத்ச் சந்சேல் ஆயிதுசி।,,Lexical_Loan_Words
Heavy rain nala match cancel aayiduchi. please,The match was cancelled due to heavy rain. (polite),ஃஏஅவ்ய் ரைந் நல மத்ச் சந்சேல் ஆயிதுசி।,,Style_Variation
Weekend plan enna nanba?,"What is the weekend plan, friend?",Wஈகேந்த் ப்லந் ஏந்ந நந்ப?,,Phonetic_Variation
Weekend plan enna nanba?,"What is the weekend plan, friend?",Wஈகேந்த் ப்லந் ஏந்ந நந்ப?,,Slang_Replacement
Weekend plan enna nanba?,"What is the weekend plan, friend?",Wஈகேந்த் ப்லந் ஏந்ந நந்ப?,,Lexical_Loan_Words
Weekend plan enna nanba? please,"What is the weekend plan, friend? (polite)",Wஈகேந்த் ப்லந் ஏந்ந நந்ப?,,Style_Variation
Parcel innum delivery aagala.,The parcel has not been delivered yet.,Pஅர்சேல் இந்நும் தேலிவேர்ய் ஆகல।,,Phonetic_Variation
Parcel innum delivery aagala.,The parcel has not been delivered yet.,Pஅர்சேல் இந்நும் தேலிவேர்ய் ஆகல।,,Slang_Replacement
Parcel innum delivery aagala.,The parcel has not been delivered yet.,Pஅர்சேல் இந்நும் தேலிவேர்ய் ஆகல।,,Lexical_Loan_Words
Parcel innum delivery aagala. please,The parcel has not been delivered yet. (polite),Pஅர்சேல் இந்நும் தேலிவேர்ய் ஆகல।,,Style_Variation
Inda shop la tea semmaya irukum.,The tea in this shop will be excellent.,ஈந்த ஶோப் ல தேஅ ஸேம்மய இருகும்।,,Phonetic_Variation
Intha shop la tea semmaya irukum.,The tea in this shop will be excellent.,ஈந்த ஶோப் ல தேஅ ஸேம்மய இருகும்।,,Slang_Replacement
Intha shop la tea semmaya irukum.,The tea in this shop will be excellent.,ஈந்த ஶோப் ல தேஅ ஸேம்மய இருகும்।,,Lexical_Loan_Words
Intha shop la tea semmaya irukum. please,The tea in this shop will be excellent. (polite),ஈந்த ஶோப் ல தேஅ ஸேம்மய இருகும்।,,Style_Variation
Exam ku prepare aaga innum time venum.,I need more time to prepare for the exam.,Eக்ஷம் கு ப்ரேபரே ஆக இந்நும் திமே வேநும்।,,Phonetic_Variation
Exam ku prepare aaga innum time venum.,I need more time to prepare for the exam.,Eக்ஷம் கு ப்ரேபரே ஆக இந்நும் திமே வேநும்।,,Slang_Replacement
Exam ku prepare aaga innum time venum.,I need more time to prepare for the exam.,Eக்ஷம் கு ப்ரேபரே ஆக இந்நும் திமே வேநும்।,,Lexical_Loan_Words
Exam ku prepare aaga innum time venum. please,I need more time to prepare for the exam. (polite),Eக்ஷம் கு ப்ரேபரே ஆக இந்நும் திமே வேநும்।,,Style_Variation
Power bank charge la puda maranduten.,I forgot to put the power bank on charge.,Pஓவேர் பந்க் சர்கே ல புத மரந்துதேந்।,,Phonetic_Variation
Power bank charge la puda maranthuten.,I forgot to put the power bank on charge.,Pஓவேர் பந்க் சர்கே ல புத மரந்துதேந்।,,Slang_Replacement
Power bank charge la puda maranthuten.,I forgot to put the power bank on charge.,Pஓவேர் பந்க் சர்கே ல புத மரந்துதேந்।,,Lexical_Loan_Words
Power bank charge la puda maranthuten. please,I forgot to put the power bank on charge. (polite),Pஓவேர் பந்க் சர்கே ல புத மரந்துதேந்।,,Style_Variation
Inda phone cover nala protect pannudu.,This phone cover protects well.,ஈந்த போநே சோவேர் நல்ல ப்ரோதேச்த் பந்நுது।,,Phonetic_Variation
Intha phone cover nalla protect pannuthu.,This phone cover protects well.,ஈந்த போநே சோவேர் நல்ல ப்ரோதேச்த் பந்நுது।,,Slang_Replacement
Intha phone cover nalla protect pannuthu.,This phone cover protects well.,ஈந்த போநே சோவேர் நல்ல ப்ரோதேச்த் பந்நுது।,,Lexical_Loan_Words
Intha phone cover nalla protect pannuthu. please,This phone cover protects well. (polite),ஈந்த போநே சோவேர் நல்ல ப்ரோதேச்த் பந்நுது।,,Style_Variation
Inniku evening cricket vilayada polama?,Shall we go to play cricket this evening?,ஈந்நிகு ஏவேநிந்க் ச்ரிச்கேத் விலயத போலம?,,Phonetic_Variation
Inniku evening cricket vilayada polama?,Shall we go to play cricket this evening?,ஈந்நிகு ஏவேநிந்க் ச்ரிச்கேத் விலயத போலம?,,Slang_Replacement
Inniku evening cricket vilayada polama?,Shall we go to play cricket this evening?,ஈந்நிகு ஏவேநிந்க் ச்ரிச்கேத் விலயத போலம?,,Lexical_Loan_Words
Inniku evening cricket vilayada polama? please,Shall we go to play cricket this evening? (polite),ஈந்நிகு ஏவேநிந்க் ச்ரிச்கேத் விலயத போலம?,,Style_Variation
Wifi connection romba slow ah iruku.,The wifi connection is very slow.,Wஇஃபி சோந்நேச்திஓந் ரோம்ப ஸ்லோவ் அஹ் இருகு।,,Phonetic_Variation
Wifi connection romba slow ah iruku.,The wifi connection is very slow.,Wஇஃபி சோந்நேச்திஓந் ரோம்ப ஸ்லோவ் அஹ் இருகு।,,Slang_Replacement
Wifi connection romba slow ah iruku.,The wifi connection is very slow.,Wஇஃபி சோந்நேச்திஓந் ரோம்ப ஸ்லோவ் அஹ் இருகு।,,Lexical_Loan_Words
Wifi connection romba slow ah iruku. please,The wifi connection is very slow. (polite),Wஇஃபி சோந்நேச்திஓந் ரோம்ப ஸ்லோவ் அஹ் இருகு।,,Style_Variation
Inda movie climax yarum edir paakala.,No one expected this movie's climax.,ஈந்த மோவிஏ ச்லிமக்ஷ் யரும் ஏதிர் பாகல।,,Phonetic_Variation
Intha movie climax yarum etvanakkamr paakala.,No one expected this movie's climax.,ஈந்த மோவிஏ ச்லிமக்ஷ் யரும் ஏதிர் பாகல।,,Slang_Replacement
Intha movie climax yarum ethir paakala.,No one expected this movie's climax.,ஈந்த மோவிஏ ச்லிமக்ஷ் யரும் ஏதிர் பாகல।,,Lexical_Loan_Words
Intha movie climax yarum ethir paakala. please,No one expected this movie's climax. (polite),ஈந்த மோவிஏ ச்லிமக்ஷ் யரும் ஏதிர் பாகல।,,Style_Variation
Office meeting cancel aayiduchi nu sonnanga.,They said the office meeting has been cancelled.,Oஃப்ஃபிசே மீதிந்க் சந்சேல் ஆயிதுசி நு ஸோந்நந்க।,,Phonetic_Variation
Office meeting cancel aayiducvanakkam nu sonnanga.,They said the office meeting has been cancelled.,Oஃப்ஃபிசே மீதிந்க் சந்சேல் ஆயிதுசி நு ஸோந்நந்க।,,Slang_Replacement
Office meeting cancel aayiduchi nu sonnanga.,They said the office meeting has been cancelled.,Oஃப்ஃபிசே மீதிந்க் சந்சேல் ஆயிதுசி நு ஸோந்நந்க।,,Lexical_Loan_Words
Office meeting cancel aayiduchi nu sonnanga. please,They said the office meeting has been cancelled. (polite),Oஃப்ஃபிசே மீதிந்க் சந்சேல் ஆயிதுசி நு ஸோந்நந்க।,,Style_Variation
New year celebration ku plan enna?,What is the plan for the New Year celebration?,ணேவ் யேஅர் சேலேப்ரதிஓந் கு ப்லந் ஏந்ந?,,Phonetic_Variation
New year celebration ku plan enna?,What is the plan for the New Year celebration?,ணேவ் யேஅர் சேலேப்ரதிஓந் கு ப்லந் ஏந்ந?,,Slang_Replacement
New year celebration ku plan enna?,What is the plan for the New Year celebration?,ணேவ் யேஅர் சேலேப்ரதிஓந் கு ப்லந் ஏந்ந?,,Lexical_Loan_Words
New year celebration ku plan enna? please,What is the plan for the New Year celebration? (polite),ணேவ் யேஅர் சேலேப்ரதிஓந் கு ப்லந் ஏந்ந?,,Style_Variation
Inda dress color unaku match aagala.,This dress color doesn't match you.,ஈந்த த்ரேஸ்ஸ் சோலோர் உநகு மத்ச் ஆகல।,,Phonetic_Variation
Intha dress color unaku match aagala.,This dress color doesn't match you.,ஈந்த த்ரேஸ்ஸ் சோலோர் உநகு மத்ச் ஆகல।,,Slang_Replacement
Intha dress color unaku match aagala.,This dress color doesn't match you.,ஈந்த த்ரேஸ்ஸ் சோலோர் உநகு மத்ச் ஆகல।,,Lexical_Loan_Words
Intha dress color unaku match aagala. please,This dress color doesn't match you. (polite),ஈந்த த்ரேஸ்ஸ் சோலோர் உநகு மத்ச் ஆகல।,,Style_Variation
Online classes kavanika mudiyala.,I am unable to pay attention to online classes.,Oந்லிநே ச்லஸ்ஸேஸ் கவநிக முதியல।,,Phonetic_Variation
Online classes kavanika mudiyala.,I am unable to pay attention to online classes.,Oந்லிநே ச்லஸ்ஸேஸ் கவநிக முதியல।,,Slang_Replacement
Online classes kavanika mudiyala.,I am unable to pay attention to online classes.,Oந்லிநே ச்லஸ்ஸேஸ் கவநிக முதியல।,,Lexical_Loan_Words
Online classes kavanika mudiyala. please,I am unable to pay attention to online classes. (polite),Oந்லிநே ச்லஸ்ஸேஸ் கவநிக முதியல।,,Style_Variation
Laptop bag la chain stuck aayiduchi.,The zipper on the laptop bag got stuck.,ளப்தோப் பக் ல சைந் ஸ்துச்க் ஆயிதுசி।,,Phonetic_Variation
Laptop bag la chain stuck aayiducvanakkam.,The zipper on the laptop bag got stuck.,ளப்தோப் பக் ல சைந் ஸ்துச்க் ஆயிதுசி।,,Slang_Replacement
Laptop bag la chain stuck aayiduchi.,The zipper on the laptop bag got stuck.,ளப்தோப் பக் ல சைந் ஸ்துச்க் ஆயிதுசி।,,Lexical_Loan_Words
Laptop bag la chain stuck aayiduchi. please,The zipper on the laptop bag got stuck. (polite),ளப்தோப் பக் ல சைந் ஸ்துச்க் ஆயிதுசி।,,Style_Variation
Inda song lyrics romba deep ah iruku.,The lyrics of this song are very deep.,ஈந்த ஸோந்க் ல்ய்ரிச்ஸ் ரோம்ப தீப் அஹ் இருகு।,,Phonetic_Variation
Intha song lyrics romba deep ah iruku.,The lyrics of this song are very deep.,ஈந்த ஸோந்க் ல்ய்ரிச்ஸ் ரோம்ப தீப் அஹ் இருகு।,,Slang_Replacement
Intha song lyrics romba deep ah iruku.,The lyrics of this song are very deep.,ஈந்த ஸோந்க் ல்ய்ரிச்ஸ் ரோம்ப தீப் அஹ் இருகு।,,Lexical_Loan_Words
Intha song lyrics romba deep ah iruku. please,The lyrics of this song are very deep. (polite),ஈந்த ஸோந்க் ல்ய்ரிச்ஸ் ரோம்ப தீப் அஹ் இருகு।,,Style_Variation
Rainy season start aaga pogudu pola.,It looks like the rainy season is about to start.,றைந்ய் ஸேஅஸோந் ஸ்தர்த் ஆக போகுது போல।,,Phonetic_Variation
Rainy season start aaga poguthu pola.,It looks like the rainy season is about to start.,றைந்ய் ஸேஅஸோந் ஸ்தர்த் ஆக போகுது போல।,,Slang_Replacement
Rainy season start aaga poguthu pola.,It looks like the rainy season is about to start.,றைந்ய் ஸேஅஸோந் ஸ்தர்த் ஆக போகுது போல।,,Lexical_Loan_Words
Rainy season start aaga poguthu pola. please,It looks like the rainy season is about to start. (polite),றைந்ய் ஸேஅஸோந் ஸ்தர்த் ஆக போகுது போல।,,Style_Variation
Headphones sound quality check pannanum.,I need to check the headphones' sound quality.,ஃஏஅத்போநேஸ் ஸோஉந்த் ஃ'குஅலித்ய் சேச்க் பந்நநும்।,,Phonetic_Variation
Headphones sound quality check pannaanum.,I need to check the headphones' sound quality.,ஃஏஅத்போநேஸ் ஸோஉந்த் ஃ'குஅலித்ய் சேச்க் பந்நநும்।,,Slang_Replacement
Headphones sound quality check pannanum.,I need to check the headphones' sound quality.,ஃஏஅத்போநேஸ் ஸோஉந்த் ஃ'குஅலித்ய் சேச்க் பந்நநும்।,,Lexical_Loan_Words
Headphones sound quality check pannanum. please,I need to check the headphones' sound quality. (polite),ஃஏஅத்போநேஸ் ஸோஉந்த் ஃ'குஅலித்ய் சேச்க் பந்நநும்।,,Style_Variation
Google drive la space ila nu varudu.,It says there is no space in Google Drive.,ஃக³ூக்லே த்ரிவே ல ஸ்பசே இல்ல நு வருது।,,Phonetic_Variation
Google drive la space illa nu varuthu.,It says there is no space in Google Drive.,ஃக³ூக்லே த்ரிவே ல ஸ்பசே இல்ல நு வருது।,,Slang_Replacement
Google drive la space illa nu varuthu.,It says there is no space in Google Drive.,ஃக³ூக்லே த்ரிவே ல ஸ்பசே இல்ல நு வருது।,,Lexical_Loan_Words
Google drive la space illa nu varuthu. please,It says there is no space in Google Drive. (polite),ஃக³ூக்லே த்ரிவே ல ஸ்பசே இல்ல நு வருது।,,Style_Variation
Inda product delivery charge romba high.,The delivery charge for this product is very high.,ஈந்த ப்ரோதுச்த் தேலிவேர்ய் சர்கே ரோம்ப ஹிக்।,,Phonetic_Variation
Intha product delivery charge romba vanakkamgh.,The delivery charge for this product is very high.,ஈந்த ப்ரோதுச்த் தேலிவேர்ய் சர்கே ரோம்ப ஹிக்।,,Slang_Replacement
Intha product delivery charge romba high.,The delivery charge for this product is very high.,ஈந்த ப்ரோதுச்த் தேலிவேர்ய் சர்கே ரோம்ப ஹிக்।,,Lexical_Loan_Words
Intha product delivery charge romba high. please,The delivery charge for this product is very high. (polite),ஈந்த ப்ரோதுச்த் தேலிவேர்ய் சர்கே ரோம்ப ஹிக்।,,Style_Variation
Evening walk poga romba relax ah iruku.,It feels very relaxing to go for an evening walk.,Eவேநிந்க் வல்க் போக ரோம்ப ரேலக்ஷ் அஹ் இருகு।,,Phonetic_Variation
Evening walk poga romba relax ah iruku.,It feels very relaxing to go for an evening walk.,Eவேநிந்க் வல்க் போக ரோம்ப ரேலக்ஷ் அஹ் இருகு।,,Slang_Replacement
Evening walk poga romba relax ah iruku.,It feels very relaxing to go for an evening walk.,Eவேநிந்க் வல்க் போக ரோம்ப ரேலக்ஷ் அஹ் இருகு।,,Lexical_Loan_Words
Evening walk poga romba relax ah iruku. please,It feels very relaxing to go for an evening walk. (polite),Eவேநிந்க் வல்க் போக ரோம்ப ரேலக்ஷ் அஹ் இருகு।,,Style_Variation
Mobile screen glass break aayiduchi.,The mobile screen glass got broken.,ம்ஓபிலே ஸ்ச்ரீந் க்லஸ்ஸ் ப்ரேஅக் ஆயிதுசி।,,Phonetic_Variation
Mobile screen glass break aayiducvanakkam.,The mobile screen glass got broken.,ம்ஓபிலே ஸ்ச்ரீந் க்லஸ்ஸ் ப்ரேஅக் ஆயிதுசி।,,Slang_Replacement
Mobile screen glass break aayiduchi.,The mobile screen glass got broken.,ம்ஓபிலே ஸ்ச்ரீந் க்லஸ்ஸ் ப்ரேஅக் ஆயிதுசி।,,Lexical_Loan_Words
Mobile screen glass break aayiduchi. please,The mobile screen glass got broken. (polite),ம்ஓபிலே ஸ்ச்ரீந் க்லஸ்ஸ் ப்ரேஅக் ஆயிதுசி।,,Style_Variation
Next week trip ku ready aagiko.,Get ready for the trip next week.,ணேக்ஷ்த் வீக் த்ரிப் கு ரேஅத்ய் ஆகிகோ।,,Phonetic_Variation
Next week trip ku ready aagiko.,Get ready for the trip next week.,ணேக்ஷ்த் வீக் த்ரிப் கு ரேஅத்ய் ஆகிகோ।,,Slang_Replacement
Next week trip ku ready aagiko.,Get ready for the trip next week.,ணேக்ஷ்த் வீக் த்ரிப் கு ரேஅத்ய் ஆகிகோ।,,Lexical_Loan_Words
Next week trip ku ready aagiko. please,Get ready for the trip next week. (polite),ணேக்ஷ்த் வீக் த்ரிப் கு ரேஅத்ய் ஆகிகோ।,,Style_Variation
